Timing Summary Report
------------------------------------------------------------------------------------------------
| Timer Settings
| --------------
------------------------------------------------------------------------------------------------

  Enable Multi Corner Analysis               :  Yes
  Enable Pessimism Removal                   :  Yes
  Pessimism Removal Resolution               :  Nearest Common Node
  Enable Input Delay Default Clock           :  No
  Enable Preset / Clear Arcs                 :  No
  Disable Flight Delays                      :  No
  Ignore I/O Paths                           :  No
  Timing Early Launch at Borrowing Latches   :  No
  Borrow Time for Max Delay Exceptions       :  Yes
  Merge Timing Exceptions                    :  Yes
  Inter-SLR Compensation                     :  Conservative

  Corner  Analyze    Analyze    
  Name    Max Paths  Min Paths  
  ------  ---------  ---------  
  Slow    Yes        Yes        
  Fast    Yes        Yes        


------------------------------------------------------------------------------------------------
| Report Methodology
| ------------------
------------------------------------------------------------------------------------------------

Rule       Severity  Description                    Violations  
---------  --------  -----------------------------  ----------  
TIMING-18  Warning   Missing input or output delay  2           

Note: This report is based on the most recent report_methodology run and may not be up-to-date. Run report_methodology on the current design for the latest report.



check_timing report

Table of Contents
-----------------
1. checking no_clock (0)
2. checking constant_clock (0)
3. checking pulse_width_clock (0)
4. checking unconstrained_internal_endpoints (0)
5. checking no_input_delay (1)
6. checking no_output_delay (1)
7. checking multiple_clock (0)
8. checking generated_clocks (0)
9. checking loops (0)
10. checking partial_input_delay (0)
11. checking partial_output_delay (0)
12. checking latch_loops (0)

1. checking no_clock (0)
------------------------
 There are 0 register/latch pins with no clock.


2. checking constant_clock (0)
------------------------------
 There are 0 register/latch pins with constant_clock.


3. checking pulse_width_clock (0)
---------------------------------
 There are 0 register/latch pins which need pulse_width check


4. checking unconstrained_internal_endpoints (0)
------------------------------------------------
 There are 0 pins that are not constrained for maximum delay.

 There are 0 pins that are not constrained for maximum delay due to constant clock.


5. checking no_input_delay (1)
------------------------------
 There is 1 input port with no input delay specified. (HIGH)

 There are 0 input ports with no input delay but user has a false path constraint.


6. checking no_output_delay (1)
-------------------------------
 There is 1 port with no output delay specified. (HIGH)

 There are 0 ports with no output delay but user has a false path constraint

 There are 0 ports with no output delay but with a timing clock defined on it or propagating through it


7. checking multiple_clock (0)
------------------------------
 There are 0 register/latch pins with multiple clocks.


8. checking generated_clocks (0)
--------------------------------
 There are 0 generated clocks that are not connected to a clock source.


9. checking loops (0)
---------------------
 There are 0 combinational loops in the design.


10. checking partial_input_delay (0)
------------------------------------
 There are 0 input ports with partial input delay specified.


11. checking partial_output_delay (0)
-------------------------------------
 There are 0 ports with partial output delay specified.


12. checking latch_loops (0)
----------------------------
 There are 0 combinational latch loops in the design through latch input



------------------------------------------------------------------------------------------------
| Design Timing Summary
| ---------------------
------------------------------------------------------------------------------------------------

    WNS(ns)      TNS(ns)  TNS Failing Endpoints  TNS Total Endpoints      WHS(ns)      THS(ns)  THS Failing Endpoints  THS Total Endpoints     WPWS(ns)     TPWS(ns)  TPWS Failing Endpoints  TPWS Total Endpoints  
    -------      -------  ---------------------  -------------------      -------      -------  ---------------------  -------------------     --------     --------  ----------------------  --------------------  
      7.205        0.000                      0                   23        0.159        0.000                      0                   23        4.500        0.000                       0                    15  


All user specified timing constraints are met.


------------------------------------------------------------------------------------------------
| Clock Summary
| -------------
------------------------------------------------------------------------------------------------

Clock    Waveform(ns)       Period(ns)      Frequency(MHz)
-----    ------------       ----------      --------------
sys_clk  {0.000 5.000}      10.000          100.000         


------------------------------------------------------------------------------------------------
| Intra Clock Table
| -----------------
------------------------------------------------------------------------------------------------

Clock             WNS(ns)      TNS(ns)  TNS Failing Endpoints  TNS Total Endpoints      WHS(ns)      THS(ns)  THS Failing Endpoints  THS Total Endpoints     WPWS(ns)     TPWS(ns)  TPWS Failing Endpoints  TPWS Total Endpoints  
-----             -------      -------  ---------------------  -------------------      -------      -------  ---------------------  -------------------     --------     --------  ----------------------  --------------------  
sys_clk             7.205        0.000                      0                   23        0.159        0.000                      0                   23        4.500        0.000                       0                    15  


------------------------------------------------------------------------------------------------
| Inter Clock Table
| -----------------
------------------------------------------------------------------------------------------------

From Clock    To Clock          WNS(ns)      TNS(ns)  TNS Failing Endpoints  TNS Total Endpoints      WHS(ns)      THS(ns)  THS Failing Endpoints  THS Total Endpoints  
----------    --------          -------      -------  ---------------------  -------------------      -------      -------  ---------------------  -------------------  


------------------------------------------------------------------------------------------------
| Other Path Groups Table
| -----------------------
------------------------------------------------------------------------------------------------

Path Group    From Clock    To Clock          WNS(ns)      TNS(ns)  TNS Failing Endpoints  TNS Total Endpoints      WHS(ns)      THS(ns)  THS Failing Endpoints  THS Total Endpoints  
----------    ----------    --------          -------      -------  ---------------------  -------------------      -------      -------  ---------------------  -------------------  


------------------------------------------------------------------------------------------------
| User Ignored Path Table
| -----------------------
------------------------------------------------------------------------------------------------

Path Group    From Clock    To Clock    
----------    ----------    --------    


------------------------------------------------------------------------------------------------
| Unconstrained Path Table
| ------------------------
------------------------------------------------------------------------------------------------

Path Group    From Clock    To Clock    
----------    ----------    --------    
(none)        sys_clk                     
(none)                      sys_clk       


------------------------------------------------------------------------------------------------
| Timing Details
| --------------
------------------------------------------------------------------------------------------------


---------------------------------------------------------------------------------------------------
From Clock:  sys_clk
  To Clock:  sys_clk

Setup :            0  Failing Endpoints,  Worst Slack        7.205ns,  Total Violation        0.000ns
Hold  :            0  Failing Endpoints,  Worst Slack        0.159ns,  Total Violation        0.000ns
PW    :            0  Failing Endpoints,  Worst Slack        4.500ns,  Total Violation        0.000ns
---------------------------------------------------------------------------------------------------


Max Delay Paths
--------------------------------------------------------------------------------------
Slack (MET) :             7.205ns  (required time - arrival time)
  Source:                 u_ascon/controller/FSM_onehot_state_reg[1]/C
                            (rising edge-triggered cell FDCE clocked by sys_clk  {rise@0.000ns fall@5.000ns period=10.000ns})
  Destination:            u_ascon/datapath/engine/done_reg/D
                            (rising edge-triggered cell FDCE clocked by sys_clk  {rise@0.000ns fall@5.000ns period=10.000ns})
  Path Group:             sys_clk
  Path Type:              Setup (Max at Slow Process Corner)
  Requirement:            10.000ns  (sys_clk rise@10.000ns - sys_clk rise@0.000ns)
  Data Path Delay:        2.765ns  (logic 0.996ns (36.018%)  route 1.769ns (63.982%))
  Logic Levels:           2  (LUT3=1 LUT6=1)
  Clock Path Skew:        -0.025ns (DCD - SCD + CPR)
    Destination Clock Delay (DCD):    5.451ns = ( 15.451 - 10.000 ) 
    Source Clock Delay      (SCD):    5.940ns
    Clock Pessimism Removal (CPR):    0.463ns
  Clock Uncertainty:      0.035ns  ((TSJ^2 + TIJ^2)^1/2 + DJ) / 2 + PE
    Total System Jitter     (TSJ):    0.071ns
    Total Input Jitter      (TIJ):    0.000ns
    Discrete Jitter          (DJ):    0.000ns
    Phase Error              (PE):    0.000ns

    Location             Delay type                Incr(ns)  Path(ns)    Netlist Resource(s)
  -------------------------------------------------------------------    -------------------
                         (clock sys_clk rise edge)    0.000     0.000 r  
    H16                                               0.000     0.000 r  clk (IN)
                         net (fo=0)                   0.000     0.000    clk
    H16                  IBUF (Prop_ibuf_I_O)         1.451     1.451 r  clk_IBUF_inst/O
                         net (fo=1, routed)           2.522     3.973    clk_IBUF
    BUFGCTRL_X0Y16       BUFG (Prop_bufg_I_O)         0.101     4.074 r  clk_IBUF_BUFG_inst/O
                         net (fo=14, routed)          1.866     5.940    u_ascon/controller/clk_IBUF_BUFG
    SLICE_X112Y52        FDCE                                         r  u_ascon/controller/FSM_onehot_state_reg[1]/C
  -------------------------------------------------------------------    -------------------
    SLICE_X112Y52        FDCE (Prop_fdce_C_Q)         0.518     6.458 f  u_ascon/controller/FSM_onehot_state_reg[1]/Q
                         net (fo=7, routed)           1.094     7.552    u_ascon/controller/Q[0]
    SLICE_X112Y51        LUT3 (Prop_lut3_I1_O)        0.150     7.702 f  u_ascon/controller/done_i_2/O
                         net (fo=3, routed)           0.675     8.377    u_ascon/datapath/engine/x01
    SLICE_X113Y51        LUT6 (Prop_lut6_I5_O)        0.328     8.705 r  u_ascon/datapath/engine/done_i_1/O
                         net (fo=1, routed)           0.000     8.705    u_ascon/datapath/engine/done_i_1_n_0
    SLICE_X113Y51        FDCE                                         r  u_ascon/datapath/engine/done_reg/D
  -------------------------------------------------------------------    -------------------

                         (clock sys_clk rise edge)   10.000    10.000 r  
    H16                                               0.000    10.000 r  clk (IN)
                         net (fo=0)                   0.000    10.000    clk
    H16                  IBUF (Prop_ibuf_I_O)         1.380    11.380 r  clk_IBUF_inst/O
                         net (fo=1, routed)           2.293    13.673    clk_IBUF
    BUFGCTRL_X0Y16       BUFG (Prop_bufg_I_O)         0.091    13.764 r  clk_IBUF_BUFG_inst/O
                         net (fo=14, routed)          1.687    15.451    u_ascon/datapath/engine/clk_IBUF_BUFG
    SLICE_X113Y51        FDCE                                         r  u_ascon/datapath/engine/done_reg/C
                         clock pessimism              0.463    15.915    
                         clock uncertainty           -0.035    15.879    
    SLICE_X113Y51        FDCE (Setup_fdce_C_D)        0.031    15.910    u_ascon/datapath/engine/done_reg
  -------------------------------------------------------------------
                         required time                         15.910    
                         arrival time                          -8.705    
  -------------------------------------------------------------------
                         slack                                  7.205    

Slack (MET) :             7.208ns  (required time - arrival time)
  Source:                 u_ascon/controller/FSM_onehot_state_reg[1]/C
                            (rising edge-triggered cell FDCE clocked by sys_clk  {rise@0.000ns fall@5.000ns period=10.000ns})
  Destination:            u_ascon/datapath/engine/active_reg/D
                            (rising edge-triggered cell FDCE clocked by sys_clk  {rise@0.000ns fall@5.000ns period=10.000ns})
  Path Group:             sys_clk
  Path Type:              Setup (Max at Slow Process Corner)
  Requirement:            10.000ns  (sys_clk rise@10.000ns - sys_clk rise@0.000ns)
  Data Path Delay:        2.760ns  (logic 0.996ns (36.083%)  route 1.764ns (63.917%))
  Logic Levels:           2  (LUT3=1 LUT6=1)
  Clock Path Skew:        -0.025ns (DCD - SCD + CPR)
    Destination Clock Delay (DCD):    5.451ns = ( 15.451 - 10.000 ) 
    Source Clock Delay      (SCD):    5.940ns
    Clock Pessimism Removal (CPR):    0.463ns
  Clock Uncertainty:      0.035ns  ((TSJ^2 + TIJ^2)^1/2 + DJ) / 2 + PE
    Total System Jitter     (TSJ):    0.071ns
    Total Input Jitter      (TIJ):    0.000ns
    Discrete Jitter          (DJ):    0.000ns
    Phase Error              (PE):    0.000ns

    Location             Delay type                Incr(ns)  Path(ns)    Netlist Resource(s)
  -------------------------------------------------------------------    -------------------
                         (clock sys_clk rise edge)    0.000     0.000 r  
    H16                                               0.000     0.000 r  clk (IN)
                         net (fo=0)                   0.000     0.000    clk
    H16                  IBUF (Prop_ibuf_I_O)         1.451     1.451 r  clk_IBUF_inst/O
                         net (fo=1, routed)           2.522     3.973    clk_IBUF
    BUFGCTRL_X0Y16       BUFG (Prop_bufg_I_O)         0.101     4.074 r  clk_IBUF_BUFG_inst/O
                         net (fo=14, routed)          1.866     5.940    u_ascon/controller/clk_IBUF_BUFG
    SLICE_X112Y52        FDCE                                         r  u_ascon/controller/FSM_onehot_state_reg[1]/C
  -------------------------------------------------------------------    -------------------
    SLICE_X112Y52        FDCE (Prop_fdce_C_Q)         0.518     6.458 r  u_ascon/controller/FSM_onehot_state_reg[1]/Q
                         net (fo=7, routed)           1.094     7.552    u_ascon/controller/Q[0]
    SLICE_X112Y51        LUT3 (Prop_lut3_I1_O)        0.150     7.702 r  u_ascon/controller/done_i_2/O
                         net (fo=3, routed)           0.670     8.372    u_ascon/datapath/engine/x01
    SLICE_X113Y51        LUT6 (Prop_lut6_I0_O)        0.328     8.700 r  u_ascon/datapath/engine/active_i_1/O
                         net (fo=1, routed)           0.000     8.700    u_ascon/datapath/engine/active_i_1_n_0
    SLICE_X113Y51        FDCE                                         r  u_ascon/datapath/engine/active_reg/D
  -------------------------------------------------------------------    -------------------

                         (clock sys_clk rise edge)   10.000    10.000 r  
    H16                                               0.000    10.000 r  clk (IN)
                         net (fo=0)                   0.000    10.000    clk
    H16                  IBUF (Prop_ibuf_I_O)         1.380    11.380 r  clk_IBUF_inst/O
                         net (fo=1, routed)           2.293    13.673    clk_IBUF
    BUFGCTRL_X0Y16       BUFG (Prop_bufg_I_O)         0.091    13.764 r  clk_IBUF_BUFG_inst/O
                         net (fo=14, routed)          1.687    15.451    u_ascon/datapath/engine/clk_IBUF_BUFG
    SLICE_X113Y51        FDCE                                         r  u_ascon/datapath/engine/active_reg/C
                         clock pessimism              0.463    15.915    
                         clock uncertainty           -0.035    15.879    
    SLICE_X113Y51        FDCE (Setup_fdce_C_D)        0.029    15.908    u_ascon/datapath/engine/active_reg
  -------------------------------------------------------------------
                         required time                         15.908    
                         arrival time                          -8.700    
  -------------------------------------------------------------------
                         slack                                  7.208    

Slack (MET) :             7.333ns  (required time - arrival time)
  Source:                 u_ascon/controller/FSM_onehot_state_reg[9]/C
                            (rising edge-triggered cell FDCE clocked by sys_clk  {rise@0.000ns fall@5.000ns period=10.000ns})
  Destination:            u_ascon/controller/FSM_onehot_state_reg[0]/CE
                            (rising edge-triggered cell FDPE clocked by sys_clk  {rise@0.000ns fall@5.000ns period=10.000ns})
  Path Group:             sys_clk
  Path Type:              Setup (Max at Slow Process Corner)
  Requirement:            10.000ns  (sys_clk rise@10.000ns - sys_clk rise@0.000ns)
  Data Path Delay:        2.463ns  (logic 0.903ns (36.662%)  route 1.560ns (63.338%))
  Logic Levels:           2  (LUT4=1 LUT5=1)
  Clock Path Skew:        0.000ns (DCD - SCD + CPR)
    Destination Clock Delay (DCD):    5.451ns = ( 15.451 - 10.000 ) 
    Source Clock Delay      (SCD):    5.940ns
    Clock Pessimism Removal (CPR):    0.488ns
  Clock Uncertainty:      0.035ns  ((TSJ^2 + TIJ^2)^1/2 + DJ) / 2 + PE
    Total System Jitter     (TSJ):    0.071ns
    Total Input Jitter      (TIJ):    0.000ns
    Discrete Jitter          (DJ):    0.000ns
    Phase Error              (PE):    0.000ns

    Location             Delay type                Incr(ns)  Path(ns)    Netlist Resource(s)
  -------------------------------------------------------------------    -------------------
                         (clock sys_clk rise edge)    0.000     0.000 r  
    H16                                               0.000     0.000 r  clk (IN)
                         net (fo=0)                   0.000     0.000    clk
    H16                  IBUF (Prop_ibuf_I_O)         1.451     1.451 r  clk_IBUF_inst/O
                         net (fo=1, routed)           2.522     3.973    clk_IBUF
    BUFGCTRL_X0Y16       BUFG (Prop_bufg_I_O)         0.101     4.074 r  clk_IBUF_BUFG_inst/O
                         net (fo=14, routed)          1.866     5.940    u_ascon/controller/clk_IBUF_BUFG
    SLICE_X112Y52        FDCE                                         r  u_ascon/controller/FSM_onehot_state_reg[9]/C
  -------------------------------------------------------------------    -------------------
    SLICE_X112Y52        FDCE (Prop_fdce_C_Q)         0.478     6.418 r  u_ascon/controller/FSM_onehot_state_reg[9]/Q
                         net (fo=3, routed)           0.700     7.118    u_ascon/controller/Q[2]
    SLICE_X112Y52        LUT4 (Prop_lut4_I0_O)        0.301     7.419 r  u_ascon/controller/FSM_onehot_state[9]_i_2/O
                         net (fo=1, routed)           0.670     8.089    u_ascon/controller/FSM_onehot_state[9]_i_2_n_0
    SLICE_X112Y52        LUT5 (Prop_lut5_I0_O)        0.124     8.213 r  u_ascon/controller/FSM_onehot_state[9]_i_1/O
                         net (fo=6, routed)           0.190     8.403    u_ascon/controller/FSM_onehot_state[9]_i_1_n_0
    SLICE_X112Y52        FDPE                                         r  u_ascon/controller/FSM_onehot_state_reg[0]/CE
  -------------------------------------------------------------------    -------------------

                         (clock sys_clk rise edge)   10.000    10.000 r  
    H16                                               0.000    10.000 r  clk (IN)
                         net (fo=0)                   0.000    10.000    clk
    H16                  IBUF (Prop_ibuf_I_O)         1.380    11.380 r  clk_IBUF_inst/O
                         net (fo=1, routed)           2.293    13.673    clk_IBUF
    BUFGCTRL_X0Y16       BUFG (Prop_bufg_I_O)         0.091    13.764 r  clk_IBUF_BUFG_inst/O
                         net (fo=14, routed)          1.687    15.451    u_ascon/controller/clk_IBUF_BUFG
    SLICE_X112Y52        FDPE                                         r  u_ascon/controller/FSM_onehot_state_reg[0]/C
                         clock pessimism              0.488    15.940    
                         clock uncertainty           -0.035    15.904    
    SLICE_X112Y52        FDPE (Setup_fdpe_C_CE)      -0.169    15.735    u_ascon/controller/FSM_onehot_state_reg[0]
  -------------------------------------------------------------------
                         required time                         15.735    
                         arrival time                          -8.403    
  -------------------------------------------------------------------
                         slack                                  7.333    

Slack (MET) :             7.333ns  (required time - arrival time)
  Source:                 u_ascon/controller/FSM_onehot_state_reg[9]/C
                            (rising edge-triggered cell FDCE clocked by sys_clk  {rise@0.000ns fall@5.000ns period=10.000ns})
  Destination:            u_ascon/controller/FSM_onehot_state_reg[1]/CE
                            (rising edge-triggered cell FDCE clocked by sys_clk  {rise@0.000ns fall@5.000ns period=10.000ns})
  Path Group:             sys_clk
  Path Type:              Setup (Max at Slow Process Corner)
  Requirement:            10.000ns  (sys_clk rise@10.000ns - sys_clk rise@0.000ns)
  Data Path Delay:        2.463ns  (logic 0.903ns (36.662%)  route 1.560ns (63.338%))
  Logic Levels:           2  (LUT4=1 LUT5=1)
  Clock Path Skew:        0.000ns (DCD - SCD + CPR)
    Destination Clock Delay (DCD):    5.451ns = ( 15.451 - 10.000 ) 
    Source Clock Delay      (SCD):    5.940ns
    Clock Pessimism Removal (CPR):    0.488ns
  Clock Uncertainty:      0.035ns  ((TSJ^2 + TIJ^2)^1/2 + DJ) / 2 + PE
    Total System Jitter     (TSJ):    0.071ns
    Total Input Jitter      (TIJ):    0.000ns
    Discrete Jitter          (DJ):    0.000ns
    Phase Error              (PE):    0.000ns

    Location             Delay type                Incr(ns)  Path(ns)    Netlist Resource(s)
  -------------------------------------------------------------------    -------------------
                         (clock sys_clk rise edge)    0.000     0.000 r  
    H16                                               0.000     0.000 r  clk (IN)
                         net (fo=0)                   0.000     0.000    clk
    H16                  IBUF (Prop_ibuf_I_O)         1.451     1.451 r  clk_IBUF_inst/O
                         net (fo=1, routed)           2.522     3.973    clk_IBUF
    BUFGCTRL_X0Y16       BUFG (Prop_bufg_I_O)         0.101     4.074 r  clk_IBUF_BUFG_inst/O
                         net (fo=14, routed)          1.866     5.940    u_ascon/controller/clk_IBUF_BUFG
    SLICE_X112Y52        FDCE                                         r  u_ascon/controller/FSM_onehot_state_reg[9]/C
  -------------------------------------------------------------------    -------------------
    SLICE_X112Y52        FDCE (Prop_fdce_C_Q)         0.478     6.418 r  u_ascon/controller/FSM_onehot_state_reg[9]/Q
                         net (fo=3, routed)           0.700     7.118    u_ascon/controller/Q[2]
    SLICE_X112Y52        LUT4 (Prop_lut4_I0_O)        0.301     7.419 r  u_ascon/controller/FSM_onehot_state[9]_i_2/O
                         net (fo=1, routed)           0.670     8.089    u_ascon/controller/FSM_onehot_state[9]_i_2_n_0
    SLICE_X112Y52        LUT5 (Prop_lut5_I0_O)        0.124     8.213 r  u_ascon/controller/FSM_onehot_state[9]_i_1/O
                         net (fo=6, routed)           0.190     8.403    u_ascon/controller/FSM_onehot_state[9]_i_1_n_0
    SLICE_X112Y52        FDCE                                         r  u_ascon/controller/FSM_onehot_state_reg[1]/CE
  -------------------------------------------------------------------    -------------------

                         (clock sys_clk rise edge)   10.000    10.000 r  
    H16                                               0.000    10.000 r  clk (IN)
                         net (fo=0)                   0.000    10.000    clk
    H16                  IBUF (Prop_ibuf_I_O)         1.380    11.380 r  clk_IBUF_inst/O
                         net (fo=1, routed)           2.293    13.673    clk_IBUF
    BUFGCTRL_X0Y16       BUFG (Prop_bufg_I_O)         0.091    13.764 r  clk_IBUF_BUFG_inst/O
                         net (fo=14, routed)          1.687    15.451    u_ascon/controller/clk_IBUF_BUFG
    SLICE_X112Y52        FDCE                                         r  u_ascon/controller/FSM_onehot_state_reg[1]/C
                         clock pessimism              0.488    15.940    
                         clock uncertainty           -0.035    15.904    
    SLICE_X112Y52        FDCE (Setup_fdce_C_CE)      -0.169    15.735    u_ascon/controller/FSM_onehot_state_reg[1]
  -------------------------------------------------------------------
                         required time                         15.735    
                         arrival time                          -8.403    
  -------------------------------------------------------------------
                         slack                                  7.333    

Slack (MET) :             7.333ns  (required time - arrival time)
  Source:                 u_ascon/controller/FSM_onehot_state_reg[9]/C
                            (rising edge-triggered cell FDCE clocked by sys_clk  {rise@0.000ns fall@5.000ns period=10.000ns})
  Destination:            u_ascon/controller/FSM_onehot_state_reg[2]/CE
                            (rising edge-triggered cell FDCE clocked by sys_clk  {rise@0.000ns fall@5.000ns period=10.000ns})
  Path Group:             sys_clk
  Path Type:              Setup (Max at Slow Process Corner)
  Requirement:            10.000ns  (sys_clk rise@10.000ns - sys_clk rise@0.000ns)
  Data Path Delay:        2.463ns  (logic 0.903ns (36.662%)  route 1.560ns (63.338%))
  Logic Levels:           2  (LUT4=1 LUT5=1)
  Clock Path Skew:        0.000ns (DCD - SCD + CPR)
    Destination Clock Delay (DCD):    5.451ns = ( 15.451 - 10.000 ) 
    Source Clock Delay      (SCD):    5.940ns
    Clock Pessimism Removal (CPR):    0.488ns
  Clock Uncertainty:      0.035ns  ((TSJ^2 + TIJ^2)^1/2 + DJ) / 2 + PE
    Total System Jitter     (TSJ):    0.071ns
    Total Input Jitter      (TIJ):    0.000ns
    Discrete Jitter          (DJ):    0.000ns
    Phase Error              (PE):    0.000ns

    Location             Delay type                Incr(ns)  Path(ns)    Netlist Resource(s)
  -------------------------------------------------------------------    -------------------
                         (clock sys_clk rise edge)    0.000     0.000 r  
    H16                                               0.000     0.000 r  clk (IN)
                         net (fo=0)                   0.000     0.000    clk
    H16                  IBUF (Prop_ibuf_I_O)         1.451     1.451 r  clk_IBUF_inst/O
                         net (fo=1, routed)           2.522     3.973    clk_IBUF
    BUFGCTRL_X0Y16       BUFG (Prop_bufg_I_O)         0.101     4.074 r  clk_IBUF_BUFG_inst/O
                         net (fo=14, routed)          1.866     5.940    u_ascon/controller/clk_IBUF_BUFG
    SLICE_X112Y52        FDCE                                         r  u_ascon/controller/FSM_onehot_state_reg[9]/C
  -------------------------------------------------------------------    -------------------
    SLICE_X112Y52        FDCE (Prop_fdce_C_Q)         0.478     6.418 r  u_ascon/controller/FSM_onehot_state_reg[9]/Q
                         net (fo=3, routed)           0.700     7.118    u_ascon/controller/Q[2]
    SLICE_X112Y52        LUT4 (Prop_lut4_I0_O)        0.301     7.419 r  u_ascon/controller/FSM_onehot_state[9]_i_2/O
                         net (fo=1, routed)           0.670     8.089    u_ascon/controller/FSM_onehot_state[9]_i_2_n_0
    SLICE_X112Y52        LUT5 (Prop_lut5_I0_O)        0.124     8.213 r  u_ascon/controller/FSM_onehot_state[9]_i_1/O
                         net (fo=6, routed)           0.190     8.403    u_ascon/controller/FSM_onehot_state[9]_i_1_n_0
    SLICE_X112Y52        FDCE                                         r  u_ascon/controller/FSM_onehot_state_reg[2]/CE
  -------------------------------------------------------------------    -------------------

                         (clock sys_clk rise edge)   10.000    10.000 r  
    H16                                               0.000    10.000 r  clk (IN)
                         net (fo=0)                   0.000    10.000    clk
    H16                  IBUF (Prop_ibuf_I_O)         1.380    11.380 r  clk_IBUF_inst/O
                         net (fo=1, routed)           2.293    13.673    clk_IBUF
    BUFGCTRL_X0Y16       BUFG (Prop_bufg_I_O)         0.091    13.764 r  clk_IBUF_BUFG_inst/O
                         net (fo=14, routed)          1.687    15.451    u_ascon/controller/clk_IBUF_BUFG
    SLICE_X112Y52        FDCE                                         r  u_ascon/controller/FSM_onehot_state_reg[2]/C
                         clock pessimism              0.488    15.940    
                         clock uncertainty           -0.035    15.904    
    SLICE_X112Y52        FDCE (Setup_fdce_C_CE)      -0.169    15.735    u_ascon/controller/FSM_onehot_state_reg[2]
  -------------------------------------------------------------------
                         required time                         15.735    
                         arrival time                          -8.403    
  -------------------------------------------------------------------
                         slack                                  7.333    

Slack (MET) :             7.333ns  (required time - arrival time)
  Source:                 u_ascon/controller/FSM_onehot_state_reg[9]/C
                            (rising edge-triggered cell FDCE clocked by sys_clk  {rise@0.000ns fall@5.000ns period=10.000ns})
  Destination:            u_ascon/controller/FSM_onehot_state_reg[5]/CE
                            (rising edge-triggered cell FDCE clocked by sys_clk  {rise@0.000ns fall@5.000ns period=10.000ns})
  Path Group:             sys_clk
  Path Type:              Setup (Max at Slow Process Corner)
  Requirement:            10.000ns  (sys_clk rise@10.000ns - sys_clk rise@0.000ns)
  Data Path Delay:        2.463ns  (logic 0.903ns (36.662%)  route 1.560ns (63.338%))
  Logic Levels:           2  (LUT4=1 LUT5=1)
  Clock Path Skew:        0.000ns (DCD - SCD + CPR)
    Destination Clock Delay (DCD):    5.451ns = ( 15.451 - 10.000 ) 
    Source Clock Delay      (SCD):    5.940ns
    Clock Pessimism Removal (CPR):    0.488ns
  Clock Uncertainty:      0.035ns  ((TSJ^2 + TIJ^2)^1/2 + DJ) / 2 + PE
    Total System Jitter     (TSJ):    0.071ns
    Total Input Jitter      (TIJ):    0.000ns
    Discrete Jitter          (DJ):    0.000ns
    Phase Error              (PE):    0.000ns

    Location             Delay type                Incr(ns)  Path(ns)    Netlist Resource(s)
  -------------------------------------------------------------------    -------------------
                         (clock sys_clk rise edge)    0.000     0.000 r  
    H16                                               0.000     0.000 r  clk (IN)
                         net (fo=0)                   0.000     0.000    clk
    H16                  IBUF (Prop_ibuf_I_O)         1.451     1.451 r  clk_IBUF_inst/O
                         net (fo=1, routed)           2.522     3.973    clk_IBUF
    BUFGCTRL_X0Y16       BUFG (Prop_bufg_I_O)         0.101     4.074 r  clk_IBUF_BUFG_inst/O
                         net (fo=14, routed)          1.866     5.940    u_ascon/controller/clk_IBUF_BUFG
    SLICE_X112Y52        FDCE                                         r  u_ascon/controller/FSM_onehot_state_reg[9]/C
  -------------------------------------------------------------------    -------------------
    SLICE_X112Y52        FDCE (Prop_fdce_C_Q)         0.478     6.418 r  u_ascon/controller/FSM_onehot_state_reg[9]/Q
                         net (fo=3, routed)           0.700     7.118    u_ascon/controller/Q[2]
    SLICE_X112Y52        LUT4 (Prop_lut4_I0_O)        0.301     7.419 r  u_ascon/controller/FSM_onehot_state[9]_i_2/O
                         net (fo=1, routed)           0.670     8.089    u_ascon/controller/FSM_onehot_state[9]_i_2_n_0
    SLICE_X112Y52        LUT5 (Prop_lut5_I0_O)        0.124     8.213 r  u_ascon/controller/FSM_onehot_state[9]_i_1/O
                         net (fo=6, routed)           0.190     8.403    u_ascon/controller/FSM_onehot_state[9]_i_1_n_0
    SLICE_X112Y52        FDCE                                         r  u_ascon/controller/FSM_onehot_state_reg[5]/CE
  -------------------------------------------------------------------    -------------------

                         (clock sys_clk rise edge)   10.000    10.000 r  
    H16                                               0.000    10.000 r  clk (IN)
                         net (fo=0)                   0.000    10.000    clk
    H16                  IBUF (Prop_ibuf_I_O)         1.380    11.380 r  clk_IBUF_inst/O
                         net (fo=1, routed)           2.293    13.673    clk_IBUF
    BUFGCTRL_X0Y16       BUFG (Prop_bufg_I_O)         0.091    13.764 r  clk_IBUF_BUFG_inst/O
                         net (fo=14, routed)          1.687    15.451    u_ascon/controller/clk_IBUF_BUFG
    SLICE_X112Y52        FDCE                                         r  u_ascon/controller/FSM_onehot_state_reg[5]/C
                         clock pessimism              0.488    15.940    
                         clock uncertainty           -0.035    15.904    
    SLICE_X112Y52        FDCE (Setup_fdce_C_CE)      -0.169    15.735    u_ascon/controller/FSM_onehot_state_reg[5]
  -------------------------------------------------------------------
                         required time                         15.735    
                         arrival time                          -8.403    
  -------------------------------------------------------------------
                         slack                                  7.333    

Slack (MET) :             7.333ns  (required time - arrival time)
  Source:                 u_ascon/controller/FSM_onehot_state_reg[9]/C
                            (rising edge-triggered cell FDCE clocked by sys_clk  {rise@0.000ns fall@5.000ns period=10.000ns})
  Destination:            u_ascon/controller/FSM_onehot_state_reg[8]/CE
                            (rising edge-triggered cell FDCE clocked by sys_clk  {rise@0.000ns fall@5.000ns period=10.000ns})
  Path Group:             sys_clk
  Path Type:              Setup (Max at Slow Process Corner)
  Requirement:            10.000ns  (sys_clk rise@10.000ns - sys_clk rise@0.000ns)
  Data Path Delay:        2.463ns  (logic 0.903ns (36.662%)  route 1.560ns (63.338%))
  Logic Levels:           2  (LUT4=1 LUT5=1)
  Clock Path Skew:        0.000ns (DCD - SCD + CPR)
    Destination Clock Delay (DCD):    5.451ns = ( 15.451 - 10.000 ) 
    Source Clock Delay      (SCD):    5.940ns
    Clock Pessimism Removal (CPR):    0.488ns
  Clock Uncertainty:      0.035ns  ((TSJ^2 + TIJ^2)^1/2 + DJ) / 2 + PE
    Total System Jitter     (TSJ):    0.071ns
    Total Input Jitter      (TIJ):    0.000ns
    Discrete Jitter          (DJ):    0.000ns
    Phase Error              (PE):    0.000ns

    Location             Delay type                Incr(ns)  Path(ns)    Netlist Resource(s)
  -------------------------------------------------------------------    -------------------
                         (clock sys_clk rise edge)    0.000     0.000 r  
    H16                                               0.000     0.000 r  clk (IN)
                         net (fo=0)                   0.000     0.000    clk
    H16                  IBUF (Prop_ibuf_I_O)         1.451     1.451 r  clk_IBUF_inst/O
                         net (fo=1, routed)           2.522     3.973    clk_IBUF
    BUFGCTRL_X0Y16       BUFG (Prop_bufg_I_O)         0.101     4.074 r  clk_IBUF_BUFG_inst/O
                         net (fo=14, routed)          1.866     5.940    u_ascon/controller/clk_IBUF_BUFG
    SLICE_X112Y52        FDCE                                         r  u_ascon/controller/FSM_onehot_state_reg[9]/C
  -------------------------------------------------------------------    -------------------
    SLICE_X112Y52        FDCE (Prop_fdce_C_Q)         0.478     6.418 r  u_ascon/controller/FSM_onehot_state_reg[9]/Q
                         net (fo=3, routed)           0.700     7.118    u_ascon/controller/Q[2]
    SLICE_X112Y52        LUT4 (Prop_lut4_I0_O)        0.301     7.419 r  u_ascon/controller/FSM_onehot_state[9]_i_2/O
                         net (fo=1, routed)           0.670     8.089    u_ascon/controller/FSM_onehot_state[9]_i_2_n_0
    SLICE_X112Y52        LUT5 (Prop_lut5_I0_O)        0.124     8.213 r  u_ascon/controller/FSM_onehot_state[9]_i_1/O
                         net (fo=6, routed)           0.190     8.403    u_ascon/controller/FSM_onehot_state[9]_i_1_n_0
    SLICE_X112Y52        FDCE                                         r  u_ascon/controller/FSM_onehot_state_reg[8]/CE
  -------------------------------------------------------------------    -------------------

                         (clock sys_clk rise edge)   10.000    10.000 r  
    H16                                               0.000    10.000 r  clk (IN)
                         net (fo=0)                   0.000    10.000    clk
    H16                  IBUF (Prop_ibuf_I_O)         1.380    11.380 r  clk_IBUF_inst/O
                         net (fo=1, routed)           2.293    13.673    clk_IBUF
    BUFGCTRL_X0Y16       BUFG (Prop_bufg_I_O)         0.091    13.764 r  clk_IBUF_BUFG_inst/O
                         net (fo=14, routed)          1.687    15.451    u_ascon/controller/clk_IBUF_BUFG
    SLICE_X112Y52        FDCE                                         r  u_ascon/controller/FSM_onehot_state_reg[8]/C
                         clock pessimism              0.488    15.940    
                         clock uncertainty           -0.035    15.904    
    SLICE_X112Y52        FDCE (Setup_fdce_C_CE)      -0.169    15.735    u_ascon/controller/FSM_onehot_state_reg[8]
  -------------------------------------------------------------------
                         required time                         15.735    
                         arrival time                          -8.403    
  -------------------------------------------------------------------
                         slack                                  7.333    

Slack (MET) :             7.333ns  (required time - arrival time)
  Source:                 u_ascon/controller/FSM_onehot_state_reg[9]/C
                            (rising edge-triggered cell FDCE clocked by sys_clk  {rise@0.000ns fall@5.000ns period=10.000ns})
  Destination:            u_ascon/controller/FSM_onehot_state_reg[9]/CE
                            (rising edge-triggered cell FDCE clocked by sys_clk  {rise@0.000ns fall@5.000ns period=10.000ns})
  Path Group:             sys_clk
  Path Type:              Setup (Max at Slow Process Corner)
  Requirement:            10.000ns  (sys_clk rise@10.000ns - sys_clk rise@0.000ns)
  Data Path Delay:        2.463ns  (logic 0.903ns (36.662%)  route 1.560ns (63.338%))
  Logic Levels:           2  (LUT4=1 LUT5=1)
  Clock Path Skew:        0.000ns (DCD - SCD + CPR)
    Destination Clock Delay (DCD):    5.451ns = ( 15.451 - 10.000 ) 
    Source Clock Delay      (SCD):    5.940ns
    Clock Pessimism Removal (CPR):    0.488ns
  Clock Uncertainty:      0.035ns  ((TSJ^2 + TIJ^2)^1/2 + DJ) / 2 + PE
    Total System Jitter     (TSJ):    0.071ns
    Total Input Jitter      (TIJ):    0.000ns
    Discrete Jitter          (DJ):    0.000ns
    Phase Error              (PE):    0.000ns

    Location             Delay type                Incr(ns)  Path(ns)    Netlist Resource(s)
  -------------------------------------------------------------------    -------------------
                         (clock sys_clk rise edge)    0.000     0.000 r  
    H16                                               0.000     0.000 r  clk (IN)
                         net (fo=0)                   0.000     0.000    clk
    H16                  IBUF (Prop_ibuf_I_O)         1.451     1.451 r  clk_IBUF_inst/O
                         net (fo=1, routed)           2.522     3.973    clk_IBUF
    BUFGCTRL_X0Y16       BUFG (Prop_bufg_I_O)         0.101     4.074 r  clk_IBUF_BUFG_inst/O
                         net (fo=14, routed)          1.866     5.940    u_ascon/controller/clk_IBUF_BUFG
    SLICE_X112Y52        FDCE                                         r  u_ascon/controller/FSM_onehot_state_reg[9]/C
  -------------------------------------------------------------------    -------------------
    SLICE_X112Y52        FDCE (Prop_fdce_C_Q)         0.478     6.418 r  u_ascon/controller/FSM_onehot_state_reg[9]/Q
                         net (fo=3, routed)           0.700     7.118    u_ascon/controller/Q[2]
    SLICE_X112Y52        LUT4 (Prop_lut4_I0_O)        0.301     7.419 r  u_ascon/controller/FSM_onehot_state[9]_i_2/O
                         net (fo=1, routed)           0.670     8.089    u_ascon/controller/FSM_onehot_state[9]_i_2_n_0
    SLICE_X112Y52        LUT5 (Prop_lut5_I0_O)        0.124     8.213 r  u_ascon/controller/FSM_onehot_state[9]_i_1/O
                         net (fo=6, routed)           0.190     8.403    u_ascon/controller/FSM_onehot_state[9]_i_1_n_0
    SLICE_X112Y52        FDCE                                         r  u_ascon/controller/FSM_onehot_state_reg[9]/CE
  -------------------------------------------------------------------    -------------------

                         (clock sys_clk rise edge)   10.000    10.000 r  
    H16                                               0.000    10.000 r  clk (IN)
                         net (fo=0)                   0.000    10.000    clk
    H16                  IBUF (Prop_ibuf_I_O)         1.380    11.380 r  clk_IBUF_inst/O
                         net (fo=1, routed)           2.293    13.673    clk_IBUF
    BUFGCTRL_X0Y16       BUFG (Prop_bufg_I_O)         0.091    13.764 r  clk_IBUF_BUFG_inst/O
                         net (fo=14, routed)          1.687    15.451    u_ascon/controller/clk_IBUF_BUFG
    SLICE_X112Y52        FDCE                                         r  u_ascon/controller/FSM_onehot_state_reg[9]/C
                         clock pessimism              0.488    15.940    
                         clock uncertainty           -0.035    15.904    
    SLICE_X112Y52        FDCE (Setup_fdce_C_CE)      -0.169    15.735    u_ascon/controller/FSM_onehot_state_reg[9]
  -------------------------------------------------------------------
                         required time                         15.735    
                         arrival time                          -8.403    
  -------------------------------------------------------------------
                         slack                                  7.333    

Slack (MET) :             7.443ns  (required time - arrival time)
  Source:                 u_ascon/controller/FSM_onehot_state_reg[1]/C
                            (rising edge-triggered cell FDCE clocked by sys_clk  {rise@0.000ns fall@5.000ns period=10.000ns})
  Destination:            u_ascon/datapath/engine/round_reg[3]/D
                            (rising edge-triggered cell FDCE clocked by sys_clk  {rise@0.000ns fall@5.000ns period=10.000ns})
  Path Group:             sys_clk
  Path Type:              Setup (Max at Slow Process Corner)
  Requirement:            10.000ns  (sys_clk rise@10.000ns - sys_clk rise@0.000ns)
  Data Path Delay:        2.575ns  (logic 0.996ns (38.676%)  route 1.579ns (61.324%))
  Logic Levels:           2  (LUT3=1 LUT5=1)
  Clock Path Skew:        -0.025ns (DCD - SCD + CPR)
    Destination Clock Delay (DCD):    5.451ns = ( 15.451 - 10.000 ) 
    Source Clock Delay      (SCD):    5.940ns
    Clock Pessimism Removal (CPR):    0.463ns
  Clock Uncertainty:      0.035ns  ((TSJ^2 + TIJ^2)^1/2 + DJ) / 2 + PE
    Total System Jitter     (TSJ):    0.071ns
    Total Input Jitter      (TIJ):    0.000ns
    Discrete Jitter          (DJ):    0.000ns
    Phase Error              (PE):    0.000ns

    Location             Delay type                Incr(ns)  Path(ns)    Netlist Resource(s)
  -------------------------------------------------------------------    -------------------
                         (clock sys_clk rise edge)    0.000     0.000 r  
    H16                                               0.000     0.000 r  clk (IN)
                         net (fo=0)                   0.000     0.000    clk
    H16                  IBUF (Prop_ibuf_I_O)         1.451     1.451 r  clk_IBUF_inst/O
                         net (fo=1, routed)           2.522     3.973    clk_IBUF
    BUFGCTRL_X0Y16       BUFG (Prop_bufg_I_O)         0.101     4.074 r  clk_IBUF_BUFG_inst/O
                         net (fo=14, routed)          1.866     5.940    u_ascon/controller/clk_IBUF_BUFG
    SLICE_X112Y52        FDCE                                         r  u_ascon/controller/FSM_onehot_state_reg[1]/C
  -------------------------------------------------------------------    -------------------
    SLICE_X112Y52        FDCE (Prop_fdce_C_Q)         0.518     6.458 f  u_ascon/controller/FSM_onehot_state_reg[1]/Q
                         net (fo=7, routed)           1.094     7.552    u_ascon/controller/Q[0]
    SLICE_X112Y51        LUT3 (Prop_lut3_I1_O)        0.150     7.702 f  u_ascon/controller/done_i_2/O
                         net (fo=3, routed)           0.485     8.187    u_ascon/datapath/engine/x01
    SLICE_X112Y51        LUT5 (Prop_lut5_I4_O)        0.328     8.515 r  u_ascon/datapath/engine/round[3]_i_2/O
                         net (fo=1, routed)           0.000     8.515    u_ascon/datapath/engine/round[3]_i_2_n_0
    SLICE_X112Y51        FDCE                                         r  u_ascon/datapath/engine/round_reg[3]/D
  -------------------------------------------------------------------    -------------------

                         (clock sys_clk rise edge)   10.000    10.000 r  
    H16                                               0.000    10.000 r  clk (IN)
                         net (fo=0)                   0.000    10.000    clk
    H16                  IBUF (Prop_ibuf_I_O)         1.380    11.380 r  clk_IBUF_inst/O
                         net (fo=1, routed)           2.293    13.673    clk_IBUF
    BUFGCTRL_X0Y16       BUFG (Prop_bufg_I_O)         0.091    13.764 r  clk_IBUF_BUFG_inst/O
                         net (fo=14, routed)          1.687    15.451    u_ascon/datapath/engine/clk_IBUF_BUFG
    SLICE_X112Y51        FDCE                                         r  u_ascon/datapath/engine/round_reg[3]/C
                         clock pessimism              0.463    15.915    
                         clock uncertainty           -0.035    15.879    
    SLICE_X112Y51        FDCE (Setup_fdce_C_D)        0.079    15.958    u_ascon/datapath/engine/round_reg[3]
  -------------------------------------------------------------------
                         required time                         15.958    
                         arrival time                          -8.515    
  -------------------------------------------------------------------
                         slack                                  7.443    

Slack (MET) :             7.655ns  (required time - arrival time)
  Source:                 u_ascon/controller/FSM_onehot_state_reg[1]/C
                            (rising edge-triggered cell FDCE clocked by sys_clk  {rise@0.000ns fall@5.000ns period=10.000ns})
  Destination:            u_ascon/datapath/engine/round_reg[0]/CE
                            (rising edge-triggered cell FDCE clocked by sys_clk  {rise@0.000ns fall@5.000ns period=10.000ns})
  Path Group:             sys_clk
  Path Type:              Setup (Max at Slow Process Corner)
  Requirement:            10.000ns  (sys_clk rise@10.000ns - sys_clk rise@0.000ns)
  Data Path Delay:        2.116ns  (logic 0.642ns (30.343%)  route 1.474ns (69.657%))
  Logic Levels:           1  (LUT3=1)
  Clock Path Skew:        -0.025ns (DCD - SCD + CPR)
    Destination Clock Delay (DCD):    5.451ns = ( 15.451 - 10.000 ) 
    Source Clock Delay      (SCD):    5.940ns
    Clock Pessimism Removal (CPR):    0.463ns
  Clock Uncertainty:      0.035ns  ((TSJ^2 + TIJ^2)^1/2 + DJ) / 2 + PE
    Total System Jitter     (TSJ):    0.071ns
    Total Input Jitter      (TIJ):    0.000ns
    Discrete Jitter          (DJ):    0.000ns
    Phase Error              (PE):    0.000ns

    Location             Delay type                Incr(ns)  Path(ns)    Netlist Resource(s)
  -------------------------------------------------------------------    -------------------
                         (clock sys_clk rise edge)    0.000     0.000 r  
    H16                                               0.000     0.000 r  clk (IN)
                         net (fo=0)                   0.000     0.000    clk
    H16                  IBUF (Prop_ibuf_I_O)         1.451     1.451 r  clk_IBUF_inst/O
                         net (fo=1, routed)           2.522     3.973    clk_IBUF
    BUFGCTRL_X0Y16       BUFG (Prop_bufg_I_O)         0.101     4.074 r  clk_IBUF_BUFG_inst/O
                         net (fo=14, routed)          1.866     5.940    u_ascon/controller/clk_IBUF_BUFG
    SLICE_X112Y52        FDCE                                         r  u_ascon/controller/FSM_onehot_state_reg[1]/C
  -------------------------------------------------------------------    -------------------
    SLICE_X112Y52        FDCE (Prop_fdce_C_Q)         0.518     6.458 r  u_ascon/controller/FSM_onehot_state_reg[1]/Q
                         net (fo=7, routed)           1.094     7.552    u_ascon/controller/Q[0]
    SLICE_X112Y51        LUT3 (Prop_lut3_I0_O)        0.124     7.676 r  u_ascon/controller/round[3]_i_1/O
                         net (fo=4, routed)           0.379     8.055    u_ascon/datapath/engine/round__0[0]
    SLICE_X112Y51        FDCE                                         r  u_ascon/datapath/engine/round_reg[0]/CE
  -------------------------------------------------------------------    -------------------

                         (clock sys_clk rise edge)   10.000    10.000 r  
    H16                                               0.000    10.000 r  clk (IN)
                         net (fo=0)                   0.000    10.000    clk
    H16                  IBUF (Prop_ibuf_I_O)         1.380    11.380 r  clk_IBUF_inst/O
                         net (fo=1, routed)           2.293    13.673    clk_IBUF
    BUFGCTRL_X0Y16       BUFG (Prop_bufg_I_O)         0.091    13.764 r  clk_IBUF_BUFG_inst/O
                         net (fo=14, routed)          1.687    15.451    u_ascon/datapath/engine/clk_IBUF_BUFG
    SLICE_X112Y51        FDCE                                         r  u_ascon/datapath/engine/round_reg[0]/C
                         clock pessimism              0.463    15.915    
                         clock uncertainty           -0.035    15.879    
    SLICE_X112Y51        FDCE (Setup_fdce_C_CE)      -0.169    15.710    u_ascon/datapath/engine/round_reg[0]
  -------------------------------------------------------------------
                         required time                         15.710    
                         arrival time                          -8.055    
  -------------------------------------------------------------------
                         slack                                  7.655    





Min Delay Paths
--------------------------------------------------------------------------------------
Slack (MET) :             0.159ns  (arrival time - required time)
  Source:                 u_ascon/datapath/engine/active_reg/C
                            (rising edge-triggered cell FDCE clocked by sys_clk  {rise@0.000ns fall@5.000ns period=10.000ns})
  Destination:            u_ascon/datapath/engine/round_reg[1]/D
                            (rising edge-triggered cell FDCE clocked by sys_clk  {rise@0.000ns fall@5.000ns period=10.000ns})
  Path Group:             sys_clk
  Path Type:              Hold (Min at Fast Process Corner)
  Requirement:            0.000ns  (sys_clk rise@0.000ns - sys_clk rise@0.000ns)
  Data Path Delay:        0.303ns  (logic 0.189ns (62.306%)  route 0.114ns (37.694%))
  Logic Levels:           1  (LUT5=1)
  Clock Path Skew:        0.013ns (DCD - SCD - CPR)
    Destination Clock Delay (DCD):    2.251ns
    Source Clock Delay      (SCD):    1.723ns
    Clock Pessimism Removal (CPR):    0.515ns

    Location             Delay type                Incr(ns)  Path(ns)    Netlist Resource(s)
  -------------------------------------------------------------------    -------------------
                         (clock sys_clk rise edge)    0.000     0.000 r  
    H16                                               0.000     0.000 r  clk (IN)
                         net (fo=0)                   0.000     0.000    clk
    H16                  IBUF (Prop_ibuf_I_O)         0.219     0.219 r  clk_IBUF_inst/O
                         net (fo=1, routed)           0.842     1.060    clk_IBUF
    BUFGCTRL_X0Y16       BUFG (Prop_bufg_I_O)         0.026     1.086 r  clk_IBUF_BUFG_inst/O
                         net (fo=14, routed)          0.637     1.723    u_ascon/datapath/engine/clk_IBUF_BUFG
    SLICE_X113Y51        FDCE                                         r  u_ascon/datapath/engine/active_reg/C
  -------------------------------------------------------------------    -------------------
    SLICE_X113Y51        FDCE (Prop_fdce_C_Q)         0.141     1.864 r  u_ascon/datapath/engine/active_reg/Q
                         net (fo=7, routed)           0.114     1.979    u_ascon/datapath/engine/active_reg_0
    SLICE_X112Y51        LUT5 (Prop_lut5_I2_O)        0.048     2.027 r  u_ascon/datapath/engine/round[1]_i_1/O
                         net (fo=1, routed)           0.000     2.027    u_ascon/datapath/engine/round[1]_i_1_n_0
    SLICE_X112Y51        FDCE                                         r  u_ascon/datapath/engine/round_reg[1]/D
  -------------------------------------------------------------------    -------------------

                         (clock sys_clk rise edge)    0.000     0.000 r  
    H16                                               0.000     0.000 r  clk (IN)
                         net (fo=0)                   0.000     0.000    clk
    H16                  IBUF (Prop_ibuf_I_O)         0.406     0.406 r  clk_IBUF_inst/O
                         net (fo=1, routed)           0.907     1.313    clk_IBUF
    BUFGCTRL_X0Y16       BUFG (Prop_bufg_I_O)         0.029     1.342 r  clk_IBUF_BUFG_inst/O
                         net (fo=14, routed)          0.909     2.251    u_ascon/datapath/engine/clk_IBUF_BUFG
    SLICE_X112Y51        FDCE                                         r  u_ascon/datapath/engine/round_reg[1]/C
                         clock pessimism             -0.515     1.736    
    SLICE_X112Y51        FDCE (Hold_fdce_C_D)         0.131     1.867    u_ascon/datapath/engine/round_reg[1]
  -------------------------------------------------------------------
                         required time                         -1.867    
                         arrival time                           2.027    
  -------------------------------------------------------------------
                         slack                                  0.159    

Slack (MET) :             0.166ns  (arrival time - required time)
  Source:                 u_ascon/datapath/engine/active_reg/C
                            (rising edge-triggered cell FDCE clocked by sys_clk  {rise@0.000ns fall@5.000ns period=10.000ns})
  Destination:            u_ascon/datapath/engine/round_reg[0]/D
                            (rising edge-triggered cell FDCE clocked by sys_clk  {rise@0.000ns fall@5.000ns period=10.000ns})
  Path Group:             sys_clk
  Path Type:              Hold (Min at Fast Process Corner)
  Requirement:            0.000ns  (sys_clk rise@0.000ns - sys_clk rise@0.000ns)
  Data Path Delay:        0.300ns  (logic 0.186ns (61.929%)  route 0.114ns (38.071%))
  Logic Levels:           1  (LUT4=1)
  Clock Path Skew:        0.013ns (DCD - SCD - CPR)
    Destination Clock Delay (DCD):    2.251ns
    Source Clock Delay      (SCD):    1.723ns
    Clock Pessimism Removal (CPR):    0.515ns

    Location             Delay type                Incr(ns)  Path(ns)    Netlist Resource(s)
  -------------------------------------------------------------------    -------------------
                         (clock sys_clk rise edge)    0.000     0.000 r  
    H16                                               0.000     0.000 r  clk (IN)
                         net (fo=0)                   0.000     0.000    clk
    H16                  IBUF (Prop_ibuf_I_O)         0.219     0.219 r  clk_IBUF_inst/O
                         net (fo=1, routed)           0.842     1.060    clk_IBUF
    BUFGCTRL_X0Y16       BUFG (Prop_bufg_I_O)         0.026     1.086 r  clk_IBUF_BUFG_inst/O
                         net (fo=14, routed)          0.637     1.723    u_ascon/datapath/engine/clk_IBUF_BUFG
    SLICE_X113Y51        FDCE                                         r  u_ascon/datapath/engine/active_reg/C
  -------------------------------------------------------------------    -------------------
    SLICE_X113Y51        FDCE (Prop_fdce_C_Q)         0.141     1.864 r  u_ascon/datapath/engine/active_reg/Q
                         net (fo=7, routed)           0.114     1.979    u_ascon/datapath/engine/active_reg_0
    SLICE_X112Y51        LUT4 (Prop_lut4_I0_O)        0.045     2.024 r  u_ascon/datapath/engine/round[0]_i_1/O
                         net (fo=1, routed)           0.000     2.024    u_ascon/datapath/engine/round[0]_i_1_n_0
    SLICE_X112Y51        FDCE                                         r  u_ascon/datapath/engine/round_reg[0]/D
  -------------------------------------------------------------------    -------------------

                         (clock sys_clk rise edge)    0.000     0.000 r  
    H16                                               0.000     0.000 r  clk (IN)
                         net (fo=0)                   0.000     0.000    clk
    H16                  IBUF (Prop_ibuf_I_O)         0.406     0.406 r  clk_IBUF_inst/O
                         net (fo=1, routed)           0.907     1.313    clk_IBUF
    BUFGCTRL_X0Y16       BUFG (Prop_bufg_I_O)         0.029     1.342 r  clk_IBUF_BUFG_inst/O
                         net (fo=14, routed)          0.909     2.251    u_ascon/datapath/engine/clk_IBUF_BUFG
    SLICE_X112Y51        FDCE                                         r  u_ascon/datapath/engine/round_reg[0]/C
                         clock pessimism             -0.515     1.736    
    SLICE_X112Y51        FDCE (Hold_fdce_C_D)         0.121     1.857    u_ascon/datapath/engine/round_reg[0]
  -------------------------------------------------------------------
                         required time                         -1.857    
                         arrival time                           2.024    
  -------------------------------------------------------------------
                         slack                                  0.166    

Slack (MET) :             0.187ns  (arrival time - required time)
  Source:                 u_ascon/datapath/engine/round_reg[2]/C
                            (rising edge-triggered cell FDCE clocked by sys_clk  {rise@0.000ns fall@5.000ns period=10.000ns})
  Destination:            u_ascon/datapath/engine/done_reg/D
                            (rising edge-triggered cell FDCE clocked by sys_clk  {rise@0.000ns fall@5.000ns period=10.000ns})
  Path Group:             sys_clk
  Path Type:              Hold (Min at Fast Process Corner)
  Requirement:            0.000ns  (sys_clk rise@0.000ns - sys_clk rise@0.000ns)
  Data Path Delay:        0.292ns  (logic 0.209ns (71.474%)  route 0.083ns (28.526%))
  Logic Levels:           1  (LUT6=1)
  Clock Path Skew:        0.013ns (DCD - SCD - CPR)
    Destination Clock Delay (DCD):    2.251ns
    Source Clock Delay      (SCD):    1.723ns
    Clock Pessimism Removal (CPR):    0.515ns

    Location             Delay type                Incr(ns)  Path(ns)    Netlist Resource(s)
  -------------------------------------------------------------------    -------------------
                         (clock sys_clk rise edge)    0.000     0.000 r  
    H16                                               0.000     0.000 r  clk (IN)
                         net (fo=0)                   0.000     0.000    clk
    H16                  IBUF (Prop_ibuf_I_O)         0.219     0.219 r  clk_IBUF_inst/O
                         net (fo=1, routed)           0.842     1.060    clk_IBUF
    BUFGCTRL_X0Y16       BUFG (Prop_bufg_I_O)         0.026     1.086 r  clk_IBUF_BUFG_inst/O
                         net (fo=14, routed)          0.637     1.723    u_ascon/datapath/engine/clk_IBUF_BUFG
    SLICE_X112Y51        FDCE                                         r  u_ascon/datapath/engine/round_reg[2]/C
  -------------------------------------------------------------------    -------------------
    SLICE_X112Y51        FDCE (Prop_fdce_C_Q)         0.164     1.887 f  u_ascon/datapath/engine/round_reg[2]/Q
                         net (fo=4, routed)           0.083     1.971    u_ascon/datapath/engine/round[2]
    SLICE_X113Y51        LUT6 (Prop_lut6_I0_O)        0.045     2.016 r  u_ascon/datapath/engine/done_i_1/O
                         net (fo=1, routed)           0.000     2.016    u_ascon/datapath/engine/done_i_1_n_0
    SLICE_X113Y51        FDCE                                         r  u_ascon/datapath/engine/done_reg/D
  -------------------------------------------------------------------    -------------------

                         (clock sys_clk rise edge)    0.000     0.000 r  
    H16                                               0.000     0.000 r  clk (IN)
                         net (fo=0)                   0.000     0.000    clk
    H16                  IBUF (Prop_ibuf_I_O)         0.406     0.406 r  clk_IBUF_inst/O
                         net (fo=1, routed)           0.907     1.313    clk_IBUF
    BUFGCTRL_X0Y16       BUFG (Prop_bufg_I_O)         0.029     1.342 r  clk_IBUF_BUFG_inst/O
                         net (fo=14, routed)          0.909     2.251    u_ascon/datapath/engine/clk_IBUF_BUFG
    SLICE_X113Y51        FDCE                                         r  u_ascon/datapath/engine/done_reg/C
                         clock pessimism             -0.515     1.736    
    SLICE_X113Y51        FDCE (Hold_fdce_C_D)         0.092     1.828    u_ascon/datapath/engine/done_reg
  -------------------------------------------------------------------
                         required time                         -1.828    
                         arrival time                           2.016    
  -------------------------------------------------------------------
                         slack                                  0.187    

Slack (MET) :             0.189ns  (arrival time - required time)
  Source:                 u_ascon/datapath/engine/round_reg[2]/C
                            (rising edge-triggered cell FDCE clocked by sys_clk  {rise@0.000ns fall@5.000ns period=10.000ns})
  Destination:            u_ascon/datapath/engine/active_reg/D
                            (rising edge-triggered cell FDCE clocked by sys_clk  {rise@0.000ns fall@5.000ns period=10.000ns})
  Path Group:             sys_clk
  Path Type:              Hold (Min at Fast Process Corner)
  Requirement:            0.000ns  (sys_clk rise@0.000ns - sys_clk rise@0.000ns)
  Data Path Delay:        0.293ns  (logic 0.209ns (71.230%)  route 0.084ns (28.770%))
  Logic Levels:           1  (LUT6=1)
  Clock Path Skew:        0.013ns (DCD - SCD - CPR)
    Destination Clock Delay (DCD):    2.251ns
    Source Clock Delay      (SCD):    1.723ns
    Clock Pessimism Removal (CPR):    0.515ns

    Location             Delay type                Incr(ns)  Path(ns)    Netlist Resource(s)
  -------------------------------------------------------------------    -------------------
                         (clock sys_clk rise edge)    0.000     0.000 r  
    H16                                               0.000     0.000 r  clk (IN)
                         net (fo=0)                   0.000     0.000    clk
    H16                  IBUF (Prop_ibuf_I_O)         0.219     0.219 r  clk_IBUF_inst/O
                         net (fo=1, routed)           0.842     1.060    clk_IBUF
    BUFGCTRL_X0Y16       BUFG (Prop_bufg_I_O)         0.026     1.086 r  clk_IBUF_BUFG_inst/O
                         net (fo=14, routed)          0.637     1.723    u_ascon/datapath/engine/clk_IBUF_BUFG
    SLICE_X112Y51        FDCE                                         r  u_ascon/datapath/engine/round_reg[2]/C
  -------------------------------------------------------------------    -------------------
    SLICE_X112Y51        FDCE (Prop_fdce_C_Q)         0.164     1.887 r  u_ascon/datapath/engine/round_reg[2]/Q
                         net (fo=4, routed)           0.084     1.972    u_ascon/datapath/engine/round[2]
    SLICE_X113Y51        LUT6 (Prop_lut6_I1_O)        0.045     2.017 r  u_ascon/datapath/engine/active_i_1/O
                         net (fo=1, routed)           0.000     2.017    u_ascon/datapath/engine/active_i_1_n_0
    SLICE_X113Y51        FDCE                                         r  u_ascon/datapath/engine/active_reg/D
  -------------------------------------------------------------------    -------------------

                         (clock sys_clk rise edge)    0.000     0.000 r  
    H16                                               0.000     0.000 r  clk (IN)
                         net (fo=0)                   0.000     0.000    clk
    H16                  IBUF (Prop_ibuf_I_O)         0.406     0.406 r  clk_IBUF_inst/O
                         net (fo=1, routed)           0.907     1.313    clk_IBUF
    BUFGCTRL_X0Y16       BUFG (Prop_bufg_I_O)         0.029     1.342 r  clk_IBUF_BUFG_inst/O
                         net (fo=14, routed)          0.909     2.251    u_ascon/datapath/engine/clk_IBUF_BUFG
    SLICE_X113Y51        FDCE                                         r  u_ascon/datapath/engine/active_reg/C
                         clock pessimism             -0.515     1.736    
    SLICE_X113Y51        FDCE (Hold_fdce_C_D)         0.091     1.827    u_ascon/datapath/engine/active_reg
  -------------------------------------------------------------------
                         required time                         -1.827    
                         arrival time                           2.017    
  -------------------------------------------------------------------
                         slack                                  0.189    

Slack (MET) :             0.245ns  (arrival time - required time)
  Source:                 u_ascon/controller/FSM_onehot_state_reg[5]/C
                            (rising edge-triggered cell FDCE clocked by sys_clk  {rise@0.000ns fall@5.000ns period=10.000ns})
  Destination:            u_ascon/controller/FSM_onehot_state_reg[8]/D
                            (rising edge-triggered cell FDCE clocked by sys_clk  {rise@0.000ns fall@5.000ns period=10.000ns})
  Path Group:             sys_clk
  Path Type:              Hold (Min at Fast Process Corner)
  Requirement:            0.000ns  (sys_clk rise@0.000ns - sys_clk rise@0.000ns)
  Data Path Delay:        0.305ns  (logic 0.164ns (53.807%)  route 0.141ns (46.193%))
  Logic Levels:           0  
  Clock Path Skew:        0.000ns (DCD - SCD - CPR)
    Destination Clock Delay (DCD):    2.251ns
    Source Clock Delay      (SCD):    1.723ns
    Clock Pessimism Removal (CPR):    0.528ns

    Location             Delay type                Incr(ns)  Path(ns)    Netlist Resource(s)
  -------------------------------------------------------------------    -------------------
                         (clock sys_clk rise edge)    0.000     0.000 r  
    H16                                               0.000     0.000 r  clk (IN)
                         net (fo=0)                   0.000     0.000    clk
    H16                  IBUF (Prop_ibuf_I_O)         0.219     0.219 r  clk_IBUF_inst/O
                         net (fo=1, routed)           0.842     1.060    clk_IBUF
    BUFGCTRL_X0Y16       BUFG (Prop_bufg_I_O)         0.026     1.086 r  clk_IBUF_BUFG_inst/O
                         net (fo=14, routed)          0.637     1.723    u_ascon/controller/clk_IBUF_BUFG
    SLICE_X112Y52        FDCE                                         r  u_ascon/controller/FSM_onehot_state_reg[5]/C
  -------------------------------------------------------------------    -------------------
    SLICE_X112Y52        FDCE (Prop_fdce_C_Q)         0.164     1.887 r  u_ascon/controller/FSM_onehot_state_reg[5]/Q
                         net (fo=7, routed)           0.141     2.028    u_ascon/controller/Q[1]
    SLICE_X112Y52        FDCE                                         r  u_ascon/controller/FSM_onehot_state_reg[8]/D
  -------------------------------------------------------------------    -------------------

                         (clock sys_clk rise edge)    0.000     0.000 r  
    H16                                               0.000     0.000 r  clk (IN)
                         net (fo=0)                   0.000     0.000    clk
    H16                  IBUF (Prop_ibuf_I_O)         0.406     0.406 r  clk_IBUF_inst/O
                         net (fo=1, routed)           0.907     1.313    clk_IBUF
    BUFGCTRL_X0Y16       BUFG (Prop_bufg_I_O)         0.029     1.342 r  clk_IBUF_BUFG_inst/O
                         net (fo=14, routed)          0.909     2.251    u_ascon/controller/clk_IBUF_BUFG
    SLICE_X112Y52        FDCE                                         r  u_ascon/controller/FSM_onehot_state_reg[8]/C
                         clock pessimism             -0.528     1.723    
    SLICE_X112Y52        FDCE (Hold_fdce_C_D)         0.060     1.783    u_ascon/controller/FSM_onehot_state_reg[8]
  -------------------------------------------------------------------
                         required time                         -1.783    
                         arrival time                           2.028    
  -------------------------------------------------------------------
                         slack                                  0.245    

Slack (MET) :             0.247ns  (arrival time - required time)
  Source:                 u_ascon/datapath/engine/round_reg[3]/C
                            (rising edge-triggered cell FDCE clocked by sys_clk  {rise@0.000ns fall@5.000ns period=10.000ns})
  Destination:            u_ascon/datapath/engine/round_reg[3]/D
                            (rising edge-triggered cell FDCE clocked by sys_clk  {rise@0.000ns fall@5.000ns period=10.000ns})
  Path Group:             sys_clk
  Path Type:              Hold (Min at Fast Process Corner)
  Requirement:            0.000ns  (sys_clk rise@0.000ns - sys_clk rise@0.000ns)
  Data Path Delay:        0.368ns  (logic 0.209ns (56.745%)  route 0.159ns (43.255%))
  Logic Levels:           1  (LUT5=1)
  Clock Path Skew:        0.000ns (DCD - SCD - CPR)
    Destination Clock Delay (DCD):    2.251ns
    Source Clock Delay      (SCD):    1.723ns
    Clock Pessimism Removal (CPR):    0.528ns

    Location             Delay type                Incr(ns)  Path(ns)    Netlist Resource(s)
  -------------------------------------------------------------------    -------------------
                         (clock sys_clk rise edge)    0.000     0.000 r  
    H16                                               0.000     0.000 r  clk (IN)
                         net (fo=0)                   0.000     0.000    clk
    H16                  IBUF (Prop_ibuf_I_O)         0.219     0.219 r  clk_IBUF_inst/O
                         net (fo=1, routed)           0.842     1.060    clk_IBUF
    BUFGCTRL_X0Y16       BUFG (Prop_bufg_I_O)         0.026     1.086 r  clk_IBUF_BUFG_inst/O
                         net (fo=14, routed)          0.637     1.723    u_ascon/datapath/engine/clk_IBUF_BUFG
    SLICE_X112Y51        FDCE                                         r  u_ascon/datapath/engine/round_reg[3]/C
  -------------------------------------------------------------------    -------------------
    SLICE_X112Y51        FDCE (Prop_fdce_C_Q)         0.164     1.887 r  u_ascon/datapath/engine/round_reg[3]/Q
                         net (fo=3, routed)           0.159     2.046    u_ascon/datapath/engine/round[3]
    SLICE_X112Y51        LUT5 (Prop_lut5_I0_O)        0.045     2.091 r  u_ascon/datapath/engine/round[3]_i_2/O
                         net (fo=1, routed)           0.000     2.091    u_ascon/datapath/engine/round[3]_i_2_n_0
    SLICE_X112Y51        FDCE                                         r  u_ascon/datapath/engine/round_reg[3]/D
  -------------------------------------------------------------------    -------------------

                         (clock sys_clk rise edge)    0.000     0.000 r  
    H16                                               0.000     0.000 r  clk (IN)
                         net (fo=0)                   0.000     0.000    clk
    H16                  IBUF (Prop_ibuf_I_O)         0.406     0.406 r  clk_IBUF_inst/O
                         net (fo=1, routed)           0.907     1.313    clk_IBUF
    BUFGCTRL_X0Y16       BUFG (Prop_bufg_I_O)         0.029     1.342 r  clk_IBUF_BUFG_inst/O
                         net (fo=14, routed)          0.909     2.251    u_ascon/datapath/engine/clk_IBUF_BUFG
    SLICE_X112Y51        FDCE                                         r  u_ascon/datapath/engine/round_reg[3]/C
                         clock pessimism             -0.528     1.723    
    SLICE_X112Y51        FDCE (Hold_fdce_C_D)         0.121     1.844    u_ascon/datapath/engine/round_reg[3]
  -------------------------------------------------------------------
                         required time                         -1.844    
                         arrival time                           2.091    
  -------------------------------------------------------------------
                         slack                                  0.247    

Slack (MET) :             0.264ns  (arrival time - required time)
  Source:                 u_ascon/datapath/engine/round_reg[1]/C
                            (rising edge-triggered cell FDCE clocked by sys_clk  {rise@0.000ns fall@5.000ns period=10.000ns})
  Destination:            u_ascon/datapath/engine/round_reg[2]/D
                            (rising edge-triggered cell FDCE clocked by sys_clk  {rise@0.000ns fall@5.000ns period=10.000ns})
  Path Group:             sys_clk
  Path Type:              Hold (Min at Fast Process Corner)
  Requirement:            0.000ns  (sys_clk rise@0.000ns - sys_clk rise@0.000ns)
  Data Path Delay:        0.385ns  (logic 0.247ns (64.084%)  route 0.138ns (35.916%))
  Logic Levels:           1  (LUT6=1)
  Clock Path Skew:        0.000ns (DCD - SCD - CPR)
    Destination Clock Delay (DCD):    2.251ns
    Source Clock Delay      (SCD):    1.723ns
    Clock Pessimism Removal (CPR):    0.528ns

    Location             Delay type                Incr(ns)  Path(ns)    Netlist Resource(s)
  -------------------------------------------------------------------    -------------------
                         (clock sys_clk rise edge)    0.000     0.000 r  
    H16                                               0.000     0.000 r  clk (IN)
                         net (fo=0)                   0.000     0.000    clk
    H16                  IBUF (Prop_ibuf_I_O)         0.219     0.219 r  clk_IBUF_inst/O
                         net (fo=1, routed)           0.842     1.060    clk_IBUF
    BUFGCTRL_X0Y16       BUFG (Prop_bufg_I_O)         0.026     1.086 r  clk_IBUF_BUFG_inst/O
                         net (fo=14, routed)          0.637     1.723    u_ascon/datapath/engine/clk_IBUF_BUFG
    SLICE_X112Y51        FDCE                                         r  u_ascon/datapath/engine/round_reg[1]/C
  -------------------------------------------------------------------    -------------------
    SLICE_X112Y51        FDCE (Prop_fdce_C_Q)         0.148     1.871 r  u_ascon/datapath/engine/round_reg[1]/Q
                         net (fo=5, routed)           0.138     2.010    u_ascon/datapath/engine/round[1]
    SLICE_X112Y51        LUT6 (Prop_lut6_I2_O)        0.099     2.109 r  u_ascon/datapath/engine/round[2]_i_1/O
                         net (fo=1, routed)           0.000     2.109    u_ascon/datapath/engine/round[2]_i_1_n_0
    SLICE_X112Y51        FDCE                                         r  u_ascon/datapath/engine/round_reg[2]/D
  -------------------------------------------------------------------    -------------------

                         (clock sys_clk rise edge)    0.000     0.000 r  
    H16                                               0.000     0.000 r  clk (IN)
                         net (fo=0)                   0.000     0.000    clk
    H16                  IBUF (Prop_ibuf_I_O)         0.406     0.406 r  clk_IBUF_inst/O
                         net (fo=1, routed)           0.907     1.313    clk_IBUF
    BUFGCTRL_X0Y16       BUFG (Prop_bufg_I_O)         0.029     1.342 r  clk_IBUF_BUFG_inst/O
                         net (fo=14, routed)          0.909     2.251    u_ascon/datapath/engine/clk_IBUF_BUFG
    SLICE_X112Y51        FDCE                                         r  u_ascon/datapath/engine/round_reg[2]/C
                         clock pessimism             -0.528     1.723    
    SLICE_X112Y51        FDCE (Hold_fdce_C_D)         0.121     1.844    u_ascon/datapath/engine/round_reg[2]
  -------------------------------------------------------------------
                         required time                         -1.844    
                         arrival time                           2.109    
  -------------------------------------------------------------------
                         slack                                  0.264    

Slack (MET) :             0.296ns  (arrival time - required time)
  Source:                 u_ascon/controller/FSM_onehot_state_reg[0]/C
                            (rising edge-triggered cell FDPE clocked by sys_clk  {rise@0.000ns fall@5.000ns period=10.000ns})
  Destination:            u_ascon/controller/FSM_onehot_state_reg[1]/D
                            (rising edge-triggered cell FDCE clocked by sys_clk  {rise@0.000ns fall@5.000ns period=10.000ns})
  Path Group:             sys_clk
  Path Type:              Hold (Min at Fast Process Corner)
  Requirement:            0.000ns  (sys_clk rise@0.000ns - sys_clk rise@0.000ns)
  Data Path Delay:        0.372ns  (logic 0.164ns (44.083%)  route 0.208ns (55.917%))
  Logic Levels:           0  
  Clock Path Skew:        0.000ns (DCD - SCD - CPR)
    Destination Clock Delay (DCD):    2.251ns
    Source Clock Delay      (SCD):    1.723ns
    Clock Pessimism Removal (CPR):    0.528ns

    Location             Delay type                Incr(ns)  Path(ns)    Netlist Resource(s)
  -------------------------------------------------------------------    -------------------
                         (clock sys_clk rise edge)    0.000     0.000 r  
    H16                                               0.000     0.000 r  clk (IN)
                         net (fo=0)                   0.000     0.000    clk
    H16                  IBUF (Prop_ibuf_I_O)         0.219     0.219 r  clk_IBUF_inst/O
                         net (fo=1, routed)           0.842     1.060    clk_IBUF
    BUFGCTRL_X0Y16       BUFG (Prop_bufg_I_O)         0.026     1.086 r  clk_IBUF_BUFG_inst/O
                         net (fo=14, routed)          0.637     1.723    u_ascon/controller/clk_IBUF_BUFG
    SLICE_X112Y52        FDPE                                         r  u_ascon/controller/FSM_onehot_state_reg[0]/C
  -------------------------------------------------------------------    -------------------
    SLICE_X112Y52        FDPE (Prop_fdpe_C_Q)         0.164     1.887 r  u_ascon/controller/FSM_onehot_state_reg[0]/Q
                         net (fo=2, routed)           0.208     2.095    u_ascon/controller/FSM_onehot_state_reg_n_0_[0]
    SLICE_X112Y52        FDCE                                         r  u_ascon/controller/FSM_onehot_state_reg[1]/D
  -------------------------------------------------------------------    -------------------

                         (clock sys_clk rise edge)    0.000     0.000 r  
    H16                                               0.000     0.000 r  clk (IN)
                         net (fo=0)                   0.000     0.000    clk
    H16                  IBUF (Prop_ibuf_I_O)         0.406     0.406 r  clk_IBUF_inst/O
                         net (fo=1, routed)           0.907     1.313    clk_IBUF
    BUFGCTRL_X0Y16       BUFG (Prop_bufg_I_O)         0.029     1.342 r  clk_IBUF_BUFG_inst/O
                         net (fo=14, routed)          0.909     2.251    u_ascon/controller/clk_IBUF_BUFG
    SLICE_X112Y52        FDCE                                         r  u_ascon/controller/FSM_onehot_state_reg[1]/C
                         clock pessimism             -0.528     1.723    
    SLICE_X112Y52        FDCE (Hold_fdce_C_D)         0.076     1.799    u_ascon/controller/FSM_onehot_state_reg[1]
  -------------------------------------------------------------------
                         required time                         -1.799    
                         arrival time                           2.095    
  -------------------------------------------------------------------
                         slack                                  0.296    

Slack (MET) :             0.306ns  (arrival time - required time)
  Source:                 u_ascon/controller/FSM_onehot_state_reg[1]/C
                            (rising edge-triggered cell FDCE clocked by sys_clk  {rise@0.000ns fall@5.000ns period=10.000ns})
  Destination:            u_ascon/controller/FSM_onehot_state_reg[2]/D
                            (rising edge-triggered cell FDCE clocked by sys_clk  {rise@0.000ns fall@5.000ns period=10.000ns})
  Path Group:             sys_clk
  Path Type:              Hold (Min at Fast Process Corner)
  Requirement:            0.000ns  (sys_clk rise@0.000ns - sys_clk rise@0.000ns)
  Data Path Delay:        0.369ns  (logic 0.164ns (44.470%)  route 0.205ns (55.530%))
  Logic Levels:           0  
  Clock Path Skew:        0.000ns (DCD - SCD - CPR)
    Destination Clock Delay (DCD):    2.251ns
    Source Clock Delay      (SCD):    1.723ns
    Clock Pessimism Removal (CPR):    0.528ns

    Location             Delay type                Incr(ns)  Path(ns)    Netlist Resource(s)
  -------------------------------------------------------------------    -------------------
                         (clock sys_clk rise edge)    0.000     0.000 r  
    H16                                               0.000     0.000 r  clk (IN)
                         net (fo=0)                   0.000     0.000    clk
    H16                  IBUF (Prop_ibuf_I_O)         0.219     0.219 r  clk_IBUF_inst/O
                         net (fo=1, routed)           0.842     1.060    clk_IBUF
    BUFGCTRL_X0Y16       BUFG (Prop_bufg_I_O)         0.026     1.086 r  clk_IBUF_BUFG_inst/O
                         net (fo=14, routed)          0.637     1.723    u_ascon/controller/clk_IBUF_BUFG
    SLICE_X112Y52        FDCE                                         r  u_ascon/controller/FSM_onehot_state_reg[1]/C
  -------------------------------------------------------------------    -------------------
    SLICE_X112Y52        FDCE (Prop_fdce_C_Q)         0.164     1.887 r  u_ascon/controller/FSM_onehot_state_reg[1]/Q
                         net (fo=7, routed)           0.205     2.092    u_ascon/controller/Q[0]
    SLICE_X112Y52        FDCE                                         r  u_ascon/controller/FSM_onehot_state_reg[2]/D
  -------------------------------------------------------------------    -------------------

                         (clock sys_clk rise edge)    0.000     0.000 r  
    H16                                               0.000     0.000 r  clk (IN)
                         net (fo=0)                   0.000     0.000    clk
    H16                  IBUF (Prop_ibuf_I_O)         0.406     0.406 r  clk_IBUF_inst/O
                         net (fo=1, routed)           0.907     1.313    clk_IBUF
    BUFGCTRL_X0Y16       BUFG (Prop_bufg_I_O)         0.029     1.342 r  clk_IBUF_BUFG_inst/O
                         net (fo=14, routed)          0.909     2.251    u_ascon/controller/clk_IBUF_BUFG
    SLICE_X112Y52        FDCE                                         r  u_ascon/controller/FSM_onehot_state_reg[2]/C
                         clock pessimism             -0.528     1.723    
    SLICE_X112Y52        FDCE (Hold_fdce_C_D)         0.063     1.786    u_ascon/controller/FSM_onehot_state_reg[2]
  -------------------------------------------------------------------
                         required time                         -1.786    
                         arrival time                           2.092    
  -------------------------------------------------------------------
                         slack                                  0.306    

Slack (MET) :             0.317ns  (arrival time - required time)
  Source:                 u_ascon/controller/FSM_onehot_state_reg[9]/C
                            (rising edge-triggered cell FDCE clocked by sys_clk  {rise@0.000ns fall@5.000ns period=10.000ns})
  Destination:            done_reg_reg/D
                            (rising edge-triggered cell FDRE clocked by sys_clk  {rise@0.000ns fall@5.000ns period=10.000ns})
  Path Group:             sys_clk
  Path Type:              Hold (Min at Fast Process Corner)
  Requirement:            0.000ns  (sys_clk rise@0.000ns - sys_clk rise@0.000ns)
  Data Path Delay:        0.338ns  (logic 0.148ns (43.796%)  route 0.190ns (56.204%))
  Logic Levels:           0  
  Clock Path Skew:        0.016ns (DCD - SCD - CPR)
    Destination Clock Delay (DCD):    2.251ns
    Source Clock Delay      (SCD):    1.723ns
    Clock Pessimism Removal (CPR):    0.512ns

    Location             Delay type                Incr(ns)  Path(ns)    Netlist Resource(s)
  -------------------------------------------------------------------    -------------------
                         (clock sys_clk rise edge)    0.000     0.000 r  
    H16                                               0.000     0.000 r  clk (IN)
                         net (fo=0)                   0.000     0.000    clk
    H16                  IBUF (Prop_ibuf_I_O)         0.219     0.219 r  clk_IBUF_inst/O
                         net (fo=1, routed)           0.842     1.060    clk_IBUF
    BUFGCTRL_X0Y16       BUFG (Prop_bufg_I_O)         0.026     1.086 r  clk_IBUF_BUFG_inst/O
                         net (fo=14, routed)          0.637     1.723    u_ascon/controller/clk_IBUF_BUFG
    SLICE_X112Y52        FDCE                                         r  u_ascon/controller/FSM_onehot_state_reg[9]/C
  -------------------------------------------------------------------    -------------------
    SLICE_X112Y52        FDCE (Prop_fdce_C_Q)         0.148     1.871 r  u_ascon/controller/FSM_onehot_state_reg[9]/Q
                         net (fo=3, routed)           0.190     2.061    cipher_done
    SLICE_X112Y50        FDRE                                         r  done_reg_reg/D
  -------------------------------------------------------------------    -------------------

                         (clock sys_clk rise edge)    0.000     0.000 r  
    H16                                               0.000     0.000 r  clk (IN)
                         net (fo=0)                   0.000     0.000    clk
    H16                  IBUF (Prop_ibuf_I_O)         0.406     0.406 r  clk_IBUF_inst/O
                         net (fo=1, routed)           0.907     1.313    clk_IBUF
    BUFGCTRL_X0Y16       BUFG (Prop_bufg_I_O)         0.029     1.342 r  clk_IBUF_BUFG_inst/O
                         net (fo=14, routed)          0.909     2.251    clk_IBUF_BUFG
    SLICE_X112Y50        FDRE                                         r  done_reg_reg/C
                         clock pessimism             -0.512     1.739    
    SLICE_X112Y50        FDRE (Hold_fdre_C_D)         0.005     1.744    done_reg_reg
  -------------------------------------------------------------------
                         required time                         -1.744    
                         arrival time                           2.061    
  -------------------------------------------------------------------
                         slack                                  0.317    





Pulse Width Checks
--------------------------------------------------------------------------------------
Clock Name:         sys_clk
Waveform(ns):       { 0.000 5.000 }
Period(ns):         10.000
Sources:            { clk }

Check Type        Corner  Lib Pin  Reference Pin  Required(ns)  Actual(ns)  Slack(ns)  Location        Pin
Min Period        n/a     BUFG/I   n/a            2.155         10.000      7.845      BUFGCTRL_X0Y16  clk_IBUF_BUFG_inst/I
Min Period        n/a     FDRE/C   n/a            1.000         10.000      9.000      SLICE_X112Y50   done_reg_reg/C
Min Period        n/a     FDRE/C   n/a            1.000         10.000      9.000      SLICE_X113Y52   start_cipher_reg/C
Min Period        n/a     FDPE/C   n/a            1.000         10.000      9.000      SLICE_X112Y52   u_ascon/controller/FSM_onehot_state_reg[0]/C
Min Period        n/a     FDCE/C   n/a            1.000         10.000      9.000      SLICE_X112Y52   u_ascon/controller/FSM_onehot_state_reg[1]/C
Min Period        n/a     FDCE/C   n/a            1.000         10.000      9.000      SLICE_X112Y52   u_ascon/controller/FSM_onehot_state_reg[2]/C
Min Period        n/a     FDCE/C   n/a            1.000         10.000      9.000      SLICE_X112Y52   u_ascon/controller/FSM_onehot_state_reg[5]/C
Min Period        n/a     FDCE/C   n/a            1.000         10.000      9.000      SLICE_X112Y52   u_ascon/controller/FSM_onehot_state_reg[8]/C
Min Period        n/a     FDCE/C   n/a            1.000         10.000      9.000      SLICE_X112Y52   u_ascon/controller/FSM_onehot_state_reg[9]/C
Min Period        n/a     FDCE/C   n/a            1.000         10.000      9.000      SLICE_X113Y51   u_ascon/datapath/engine/active_reg/C
Low Pulse Width   Slow    FDRE/C   n/a            0.500         5.000       4.500      SLICE_X112Y50   done_reg_reg/C
Low Pulse Width   Fast    FDRE/C   n/a            0.500         5.000       4.500      SLICE_X112Y50   done_reg_reg/C
Low Pulse Width   Slow    FDRE/C   n/a            0.500         5.000       4.500      SLICE_X113Y52   start_cipher_reg/C
Low Pulse Width   Fast    FDRE/C   n/a            0.500         5.000       4.500      SLICE_X113Y52   start_cipher_reg/C
Low Pulse Width   Slow    FDPE/C   n/a            0.500         5.000       4.500      SLICE_X112Y52   u_ascon/controller/FSM_onehot_state_reg[0]/C
Low Pulse Width   Fast    FDPE/C   n/a            0.500         5.000       4.500      SLICE_X112Y52   u_ascon/controller/FSM_onehot_state_reg[0]/C
Low Pulse Width   Slow    FDCE/C   n/a            0.500         5.000       4.500      SLICE_X112Y52   u_ascon/controller/FSM_onehot_state_reg[1]/C
Low Pulse Width   Fast    FDCE/C   n/a            0.500         5.000       4.500      SLICE_X112Y52   u_ascon/controller/FSM_onehot_state_reg[1]/C
Low Pulse Width   Slow    FDCE/C   n/a            0.500         5.000       4.500      SLICE_X112Y52   u_ascon/controller/FSM_onehot_state_reg[2]/C
Low Pulse Width   Fast    FDCE/C   n/a            0.500         5.000       4.500      SLICE_X112Y52   u_ascon/controller/FSM_onehot_state_reg[2]/C
High Pulse Width  Slow    FDRE/C   n/a            0.500         5.000       4.500      SLICE_X112Y50   done_reg_reg/C
High Pulse Width  Fast    FDRE/C   n/a            0.500         5.000       4.500      SLICE_X112Y50   done_reg_reg/C
High Pulse Width  Slow    FDRE/C   n/a            0.500         5.000       4.500      SLICE_X113Y52   start_cipher_reg/C
High Pulse Width  Fast    FDRE/C   n/a            0.500         5.000       4.500      SLICE_X113Y52   start_cipher_reg/C
High Pulse Width  Slow    FDPE/C   n/a            0.500         5.000       4.500      SLICE_X112Y52   u_ascon/controller/FSM_onehot_state_reg[0]/C
High Pulse Width  Fast    FDPE/C   n/a            0.500         5.000       4.500      SLICE_X112Y52   u_ascon/controller/FSM_onehot_state_reg[0]/C
High Pulse Width  Slow    FDCE/C   n/a            0.500         5.000       4.500      SLICE_X112Y52   u_ascon/controller/FSM_onehot_state_reg[1]/C
High Pulse Width  Fast    FDCE/C   n/a            0.500         5.000       4.500      SLICE_X112Y52   u_ascon/controller/FSM_onehot_state_reg[1]/C
High Pulse Width  Slow    FDCE/C   n/a            0.500         5.000       4.500      SLICE_X112Y52   u_ascon/controller/FSM_onehot_state_reg[2]/C
High Pulse Width  Fast    FDCE/C   n/a            0.500         5.000       4.500      SLICE_X112Y52   u_ascon/controller/FSM_onehot_state_reg[2]/C



--------------------------------------------------------------------------------------
Path Group:  (none)
From Clock:  sys_clk
  To Clock:  

Max Delay             1 Endpoint
Min Delay             1 Endpoint
--------------------------------------------------------------------------------------


Max Delay Paths
--------------------------------------------------------------------------------------
Slack:                    inf
  Source:                 done_reg_reg/C
                            (rising edge-triggered cell FDRE clocked by sys_clk  {rise@0.000ns fall@5.000ns period=10.000ns})
  Destination:            debug_out
                            (output port)
  Path Group:             (none)
  Path Type:              Max at Slow Process Corner
  Data Path Delay:        4.818ns  (logic 3.152ns (65.433%)  route 1.665ns (34.567%))
  Logic Levels:           1  (OBUF=1)
  Clock Uncertainty:      0.025ns  ((TSJ^2 + TIJ^2)^1/2 + DJ) / 2 + PE
    Total System Jitter     (TSJ):    0.050ns
    Total Input Jitter      (TIJ):    0.000ns
    Discrete Jitter          (DJ):    0.000ns
    Phase Error              (PE):    0.000ns

    Location             Delay type                Incr(ns)  Path(ns)    Netlist Resource(s)
  -------------------------------------------------------------------    -------------------
                         (clock sys_clk rise edge)    0.000     0.000 r  
    H16                                               0.000     0.000 r  clk (IN)
                         net (fo=0)                   0.000     0.000    clk
    H16                  IBUF (Prop_ibuf_I_O)         1.451     1.451 r  clk_IBUF_inst/O
                         net (fo=1, routed)           2.522     3.973    clk_IBUF
    BUFGCTRL_X0Y16       BUFG (Prop_bufg_I_O)         0.101     4.074 r  clk_IBUF_BUFG_inst/O
                         net (fo=14, routed)          1.866     5.940    clk_IBUF_BUFG
    SLICE_X112Y50        FDRE                                         r  done_reg_reg/C
  -------------------------------------------------------------------    -------------------
    SLICE_X112Y50        FDRE (Prop_fdre_C_Q)         0.518     6.458 r  done_reg_reg/Q
                         net (fo=1, routed)           1.665     8.123    debug_out_OBUF
    T19                  OBUF (Prop_obuf_I_O)         2.634    10.757 r  debug_out_OBUF_inst/O
                         net (fo=0)                   0.000    10.757    debug_out
    T19                                                               r  debug_out (OUT)
  -------------------------------------------------------------------    -------------------





Min Delay Paths
--------------------------------------------------------------------------------------
Slack:                    inf
  Source:                 done_reg_reg/C
                            (rising edge-triggered cell FDRE clocked by sys_clk  {rise@0.000ns fall@5.000ns period=10.000ns})
  Destination:            debug_out
                            (output port)
  Path Group:             (none)
  Path Type:              Min at Fast Process Corner
  Data Path Delay:        1.647ns  (logic 1.315ns (79.828%)  route 0.332ns (20.172%))
  Logic Levels:           1  (OBUF=1)
  Clock Uncertainty:      0.025ns  ((TSJ^2 + TIJ^2)^1/2 + DJ) / 2 + PE
    Total System Jitter     (TSJ):    0.050ns
    Total Input Jitter      (TIJ):    0.000ns
    Discrete Jitter          (DJ):    0.000ns
    Phase Error              (PE):    0.000ns

    Location             Delay type                Incr(ns)  Path(ns)    Netlist Resource(s)
  -------------------------------------------------------------------    -------------------
                         (clock sys_clk rise edge)    0.000     0.000 r  
    H16                                               0.000     0.000 r  clk (IN)
                         net (fo=0)                   0.000     0.000    clk
    H16                  IBUF (Prop_ibuf_I_O)         0.219     0.219 r  clk_IBUF_inst/O
                         net (fo=1, routed)           0.842     1.060    clk_IBUF
    BUFGCTRL_X0Y16       BUFG (Prop_bufg_I_O)         0.026     1.086 r  clk_IBUF_BUFG_inst/O
                         net (fo=14, routed)          0.637     1.723    clk_IBUF_BUFG
    SLICE_X112Y50        FDRE                                         r  done_reg_reg/C
  -------------------------------------------------------------------    -------------------
    SLICE_X112Y50        FDRE (Prop_fdre_C_Q)         0.164     1.887 r  done_reg_reg/Q
                         net (fo=1, routed)           0.332     2.219    debug_out_OBUF
    T19                  OBUF (Prop_obuf_I_O)         1.151     3.371 r  debug_out_OBUF_inst/O
                         net (fo=0)                   0.000     3.371    debug_out
    T19                                                               r  debug_out (OUT)
  -------------------------------------------------------------------    -------------------





--------------------------------------------------------------------------------------
Path Group:  (none)
From Clock:  
  To Clock:  sys_clk

Max Delay            14 Endpoints
Min Delay            14 Endpoints
--------------------------------------------------------------------------------------


Max Delay Paths
--------------------------------------------------------------------------------------
Slack:                    inf
  Source:                 rst
                            (input port)
  Destination:            start_cipher_reg/D
                            (rising edge-triggered cell FDRE clocked by sys_clk  {rise@0.000ns fall@5.000ns period=10.000ns})
  Path Group:             (none)
  Path Type:              Setup (Max at Slow Process Corner)
  Data Path Delay:        2.416ns  (logic 1.094ns (45.262%)  route 1.323ns (54.738%))
  Logic Levels:           2  (IBUF=1 LUT1=1)
  Clock Path Skew:        5.451ns (DCD - SCD + CPR)
    Destination Clock Delay (DCD):    5.451ns
    Source Clock Delay      (SCD):    0.000ns
    Clock Pessimism Removal (CPR):    0.000ns
  Clock Uncertainty:      0.025ns  ((TSJ^2 + TIJ^2)^1/2 + DJ) / 2 + PE
    Total System Jitter     (TSJ):    0.050ns
    Total Input Jitter      (TIJ):    0.000ns
    Discrete Jitter          (DJ):    0.000ns
    Phase Error              (PE):    0.000ns

    Location             Delay type                Incr(ns)  Path(ns)    Netlist Resource(s)
  -------------------------------------------------------------------    -------------------
    P16                                               0.000     0.000 f  rst (IN)
                         net (fo=0)                   0.000     0.000    rst
    P16                  IBUF (Prop_ibuf_I_O)         0.970     0.970 f  rst_IBUF_inst/O
                         net (fo=14, routed)          1.323     2.292    rst_IBUF
    SLICE_X113Y52        LUT1 (Prop_lut1_I0_O)        0.124     2.416 r  start_cipher_i_1/O
                         net (fo=1, routed)           0.000     2.416    start_cipher_i_1_n_0
    SLICE_X113Y52        FDRE                                         r  start_cipher_reg/D
  -------------------------------------------------------------------    -------------------

                         (clock sys_clk rise edge)    0.000     0.000 r  
    H16                                               0.000     0.000 r  clk (IN)
                         net (fo=0)                   0.000     0.000    clk
    H16                  IBUF (Prop_ibuf_I_O)         1.380     1.380 r  clk_IBUF_inst/O
                         net (fo=1, routed)           2.293     3.673    clk_IBUF
    BUFGCTRL_X0Y16       BUFG (Prop_bufg_I_O)         0.091     3.764 r  clk_IBUF_BUFG_inst/O
                         net (fo=14, routed)          1.687     5.451    clk_IBUF_BUFG
    SLICE_X113Y52        FDRE                                         r  start_cipher_reg/C

Slack:                    inf
  Source:                 rst
                            (input port)
  Destination:            u_ascon/controller/FSM_onehot_state_reg[0]/PRE
                            (recovery check against rising-edge clock sys_clk  {rise@0.000ns fall@5.000ns period=10.000ns})
  Path Group:             (none)
  Path Type:              Recovery (Max at Slow Process Corner)
  Data Path Delay:        2.211ns  (logic 0.970ns (43.861%)  route 1.241ns (56.139%))
  Logic Levels:           1  (IBUF=1)
  Clock Path Skew:        5.451ns (DCD - SCD + CPR)
    Destination Clock Delay (DCD):    5.451ns
    Source Clock Delay      (SCD):    0.000ns
    Clock Pessimism Removal (CPR):    0.000ns
  Clock Uncertainty:      0.025ns  ((TSJ^2 + TIJ^2)^1/2 + DJ) / 2 + PE
    Total System Jitter     (TSJ):    0.050ns
    Total Input Jitter      (TIJ):    0.000ns
    Discrete Jitter          (DJ):    0.000ns
    Phase Error              (PE):    0.000ns

    Location             Delay type                Incr(ns)  Path(ns)    Netlist Resource(s)
  -------------------------------------------------------------------    -------------------
    P16                                               0.000     0.000 f  rst (IN)
                         net (fo=0)                   0.000     0.000    rst
    P16                  IBUF (Prop_ibuf_I_O)         0.970     0.970 f  rst_IBUF_inst/O
                         net (fo=14, routed)          1.241     2.211    u_ascon/controller/AS[0]
    SLICE_X112Y52        FDPE                                         f  u_ascon/controller/FSM_onehot_state_reg[0]/PRE
  -------------------------------------------------------------------    -------------------

                         (clock sys_clk rise edge)    0.000     0.000 r  
    H16                                               0.000     0.000 r  clk (IN)
                         net (fo=0)                   0.000     0.000    clk
    H16                  IBUF (Prop_ibuf_I_O)         1.380     1.380 r  clk_IBUF_inst/O
                         net (fo=1, routed)           2.293     3.673    clk_IBUF
    BUFGCTRL_X0Y16       BUFG (Prop_bufg_I_O)         0.091     3.764 r  clk_IBUF_BUFG_inst/O
                         net (fo=14, routed)          1.687     5.451    u_ascon/controller/clk_IBUF_BUFG
    SLICE_X112Y52        FDPE                                         r  u_ascon/controller/FSM_onehot_state_reg[0]/C

Slack:                    inf
  Source:                 rst
                            (input port)
  Destination:            u_ascon/controller/FSM_onehot_state_reg[1]/CLR
                            (recovery check against rising-edge clock sys_clk  {rise@0.000ns fall@5.000ns period=10.000ns})
  Path Group:             (none)
  Path Type:              Recovery (Max at Slow Process Corner)
  Data Path Delay:        2.211ns  (logic 0.970ns (43.861%)  route 1.241ns (56.139%))
  Logic Levels:           1  (IBUF=1)
  Clock Path Skew:        5.451ns (DCD - SCD + CPR)
    Destination Clock Delay (DCD):    5.451ns
    Source Clock Delay      (SCD):    0.000ns
    Clock Pessimism Removal (CPR):    0.000ns
  Clock Uncertainty:      0.025ns  ((TSJ^2 + TIJ^2)^1/2 + DJ) / 2 + PE
    Total System Jitter     (TSJ):    0.050ns
    Total Input Jitter      (TIJ):    0.000ns
    Discrete Jitter          (DJ):    0.000ns
    Phase Error              (PE):    0.000ns

    Location             Delay type                Incr(ns)  Path(ns)    Netlist Resource(s)
  -------------------------------------------------------------------    -------------------
    P16                                               0.000     0.000 f  rst (IN)
                         net (fo=0)                   0.000     0.000    rst
    P16                  IBUF (Prop_ibuf_I_O)         0.970     0.970 f  rst_IBUF_inst/O
                         net (fo=14, routed)          1.241     2.211    u_ascon/controller/AS[0]
    SLICE_X112Y52        FDCE                                         f  u_ascon/controller/FSM_onehot_state_reg[1]/CLR
  -------------------------------------------------------------------    -------------------

                         (clock sys_clk rise edge)    0.000     0.000 r  
    H16                                               0.000     0.000 r  clk (IN)
                         net (fo=0)                   0.000     0.000    clk
    H16                  IBUF (Prop_ibuf_I_O)         1.380     1.380 r  clk_IBUF_inst/O
                         net (fo=1, routed)           2.293     3.673    clk_IBUF
    BUFGCTRL_X0Y16       BUFG (Prop_bufg_I_O)         0.091     3.764 r  clk_IBUF_BUFG_inst/O
                         net (fo=14, routed)          1.687     5.451    u_ascon/controller/clk_IBUF_BUFG
    SLICE_X112Y52        FDCE                                         r  u_ascon/controller/FSM_onehot_state_reg[1]/C

Slack:                    inf
  Source:                 rst
                            (input port)
  Destination:            u_ascon/controller/FSM_onehot_state_reg[2]/CLR
                            (recovery check against rising-edge clock sys_clk  {rise@0.000ns fall@5.000ns period=10.000ns})
  Path Group:             (none)
  Path Type:              Recovery (Max at Slow Process Corner)
  Data Path Delay:        2.211ns  (logic 0.970ns (43.861%)  route 1.241ns (56.139%))
  Logic Levels:           1  (IBUF=1)
  Clock Path Skew:        5.451ns (DCD - SCD + CPR)
    Destination Clock Delay (DCD):    5.451ns
    Source Clock Delay      (SCD):    0.000ns
    Clock Pessimism Removal (CPR):    0.000ns
  Clock Uncertainty:      0.025ns  ((TSJ^2 + TIJ^2)^1/2 + DJ) / 2 + PE
    Total System Jitter     (TSJ):    0.050ns
    Total Input Jitter      (TIJ):    0.000ns
    Discrete Jitter          (DJ):    0.000ns
    Phase Error              (PE):    0.000ns

    Location             Delay type                Incr(ns)  Path(ns)    Netlist Resource(s)
  -------------------------------------------------------------------    -------------------
    P16                                               0.000     0.000 f  rst (IN)
                         net (fo=0)                   0.000     0.000    rst
    P16                  IBUF (Prop_ibuf_I_O)         0.970     0.970 f  rst_IBUF_inst/O
                         net (fo=14, routed)          1.241     2.211    u_ascon/controller/AS[0]
    SLICE_X112Y52        FDCE                                         f  u_ascon/controller/FSM_onehot_state_reg[2]/CLR
  -------------------------------------------------------------------    -------------------

                         (clock sys_clk rise edge)    0.000     0.000 r  
    H16                                               0.000     0.000 r  clk (IN)
                         net (fo=0)                   0.000     0.000    clk
    H16                  IBUF (Prop_ibuf_I_O)         1.380     1.380 r  clk_IBUF_inst/O
                         net (fo=1, routed)           2.293     3.673    clk_IBUF
    BUFGCTRL_X0Y16       BUFG (Prop_bufg_I_O)         0.091     3.764 r  clk_IBUF_BUFG_inst/O
                         net (fo=14, routed)          1.687     5.451    u_ascon/controller/clk_IBUF_BUFG
    SLICE_X112Y52        FDCE                                         r  u_ascon/controller/FSM_onehot_state_reg[2]/C

Slack:                    inf
  Source:                 rst
                            (input port)
  Destination:            u_ascon/controller/FSM_onehot_state_reg[5]/CLR
                            (recovery check against rising-edge clock sys_clk  {rise@0.000ns fall@5.000ns period=10.000ns})
  Path Group:             (none)
  Path Type:              Recovery (Max at Slow Process Corner)
  Data Path Delay:        2.211ns  (logic 0.970ns (43.861%)  route 1.241ns (56.139%))
  Logic Levels:           1  (IBUF=1)
  Clock Path Skew:        5.451ns (DCD - SCD + CPR)
    Destination Clock Delay (DCD):    5.451ns
    Source Clock Delay      (SCD):    0.000ns
    Clock Pessimism Removal (CPR):    0.000ns
  Clock Uncertainty:      0.025ns  ((TSJ^2 + TIJ^2)^1/2 + DJ) / 2 + PE
    Total System Jitter     (TSJ):    0.050ns
    Total Input Jitter      (TIJ):    0.000ns
    Discrete Jitter          (DJ):    0.000ns
    Phase Error              (PE):    0.000ns

    Location             Delay type                Incr(ns)  Path(ns)    Netlist Resource(s)
  -------------------------------------------------------------------    -------------------
    P16                                               0.000     0.000 f  rst (IN)
                         net (fo=0)                   0.000     0.000    rst
    P16                  IBUF (Prop_ibuf_I_O)         0.970     0.970 f  rst_IBUF_inst/O
                         net (fo=14, routed)          1.241     2.211    u_ascon/controller/AS[0]
    SLICE_X112Y52        FDCE                                         f  u_ascon/controller/FSM_onehot_state_reg[5]/CLR
  -------------------------------------------------------------------    -------------------

                         (clock sys_clk rise edge)    0.000     0.000 r  
    H16                                               0.000     0.000 r  clk (IN)
                         net (fo=0)                   0.000     0.000    clk
    H16                  IBUF (Prop_ibuf_I_O)         1.380     1.380 r  clk_IBUF_inst/O
                         net (fo=1, routed)           2.293     3.673    clk_IBUF
    BUFGCTRL_X0Y16       BUFG (Prop_bufg_I_O)         0.091     3.764 r  clk_IBUF_BUFG_inst/O
                         net (fo=14, routed)          1.687     5.451    u_ascon/controller/clk_IBUF_BUFG
    SLICE_X112Y52        FDCE                                         r  u_ascon/controller/FSM_onehot_state_reg[5]/C

Slack:                    inf
  Source:                 rst
                            (input port)
  Destination:            u_ascon/controller/FSM_onehot_state_reg[8]/CLR
                            (recovery check against rising-edge clock sys_clk  {rise@0.000ns fall@5.000ns period=10.000ns})
  Path Group:             (none)
  Path Type:              Recovery (Max at Slow Process Corner)
  Data Path Delay:        2.211ns  (logic 0.970ns (43.861%)  route 1.241ns (56.139%))
  Logic Levels:           1  (IBUF=1)
  Clock Path Skew:        5.451ns (DCD - SCD + CPR)
    Destination Clock Delay (DCD):    5.451ns
    Source Clock Delay      (SCD):    0.000ns
    Clock Pessimism Removal (CPR):    0.000ns
  Clock Uncertainty:      0.025ns  ((TSJ^2 + TIJ^2)^1/2 + DJ) / 2 + PE
    Total System Jitter     (TSJ):    0.050ns
    Total Input Jitter      (TIJ):    0.000ns
    Discrete Jitter          (DJ):    0.000ns
    Phase Error              (PE):    0.000ns

    Location             Delay type                Incr(ns)  Path(ns)    Netlist Resource(s)
  -------------------------------------------------------------------    -------------------
    P16                                               0.000     0.000 f  rst (IN)
                         net (fo=0)                   0.000     0.000    rst
    P16                  IBUF (Prop_ibuf_I_O)         0.970     0.970 f  rst_IBUF_inst/O
                         net (fo=14, routed)          1.241     2.211    u_ascon/controller/AS[0]
    SLICE_X112Y52        FDCE                                         f  u_ascon/controller/FSM_onehot_state_reg[8]/CLR
  -------------------------------------------------------------------    -------------------

                         (clock sys_clk rise edge)    0.000     0.000 r  
    H16                                               0.000     0.000 r  clk (IN)
                         net (fo=0)                   0.000     0.000    clk
    H16                  IBUF (Prop_ibuf_I_O)         1.380     1.380 r  clk_IBUF_inst/O
                         net (fo=1, routed)           2.293     3.673    clk_IBUF
    BUFGCTRL_X0Y16       BUFG (Prop_bufg_I_O)         0.091     3.764 r  clk_IBUF_BUFG_inst/O
                         net (fo=14, routed)          1.687     5.451    u_ascon/controller/clk_IBUF_BUFG
    SLICE_X112Y52        FDCE                                         r  u_ascon/controller/FSM_onehot_state_reg[8]/C

Slack:                    inf
  Source:                 rst
                            (input port)
  Destination:            u_ascon/controller/FSM_onehot_state_reg[9]/CLR
                            (recovery check against rising-edge clock sys_clk  {rise@0.000ns fall@5.000ns period=10.000ns})
  Path Group:             (none)
  Path Type:              Recovery (Max at Slow Process Corner)
  Data Path Delay:        2.211ns  (logic 0.970ns (43.861%)  route 1.241ns (56.139%))
  Logic Levels:           1  (IBUF=1)
  Clock Path Skew:        5.451ns (DCD - SCD + CPR)
    Destination Clock Delay (DCD):    5.451ns
    Source Clock Delay      (SCD):    0.000ns
    Clock Pessimism Removal (CPR):    0.000ns
  Clock Uncertainty:      0.025ns  ((TSJ^2 + TIJ^2)^1/2 + DJ) / 2 + PE
    Total System Jitter     (TSJ):    0.050ns
    Total Input Jitter      (TIJ):    0.000ns
    Discrete Jitter          (DJ):    0.000ns
    Phase Error              (PE):    0.000ns

    Location             Delay type                Incr(ns)  Path(ns)    Netlist Resource(s)
  -------------------------------------------------------------------    -------------------
    P16                                               0.000     0.000 f  rst (IN)
                         net (fo=0)                   0.000     0.000    rst
    P16                  IBUF (Prop_ibuf_I_O)         0.970     0.970 f  rst_IBUF_inst/O
                         net (fo=14, routed)          1.241     2.211    u_ascon/controller/AS[0]
    SLICE_X112Y52        FDCE                                         f  u_ascon/controller/FSM_onehot_state_reg[9]/CLR
  -------------------------------------------------------------------    -------------------

                         (clock sys_clk rise edge)    0.000     0.000 r  
    H16                                               0.000     0.000 r  clk (IN)
                         net (fo=0)                   0.000     0.000    clk
    H16                  IBUF (Prop_ibuf_I_O)         1.380     1.380 r  clk_IBUF_inst/O
                         net (fo=1, routed)           2.293     3.673    clk_IBUF
    BUFGCTRL_X0Y16       BUFG (Prop_bufg_I_O)         0.091     3.764 r  clk_IBUF_BUFG_inst/O
                         net (fo=14, routed)          1.687     5.451    u_ascon/controller/clk_IBUF_BUFG
    SLICE_X112Y52        FDCE                                         r  u_ascon/controller/FSM_onehot_state_reg[9]/C

Slack:                    inf
  Source:                 rst
                            (input port)
  Destination:            done_reg_reg/R
                            (rising edge-triggered cell FDRE clocked by sys_clk  {rise@0.000ns fall@5.000ns period=10.000ns})
  Path Group:             (none)
  Path Type:              Setup (Max at Slow Process Corner)
  Data Path Delay:        2.068ns  (logic 0.970ns (46.896%)  route 1.098ns (53.104%))
  Logic Levels:           1  (IBUF=1)
  Clock Path Skew:        5.451ns (DCD - SCD + CPR)
    Destination Clock Delay (DCD):    5.451ns
    Source Clock Delay      (SCD):    0.000ns
    Clock Pessimism Removal (CPR):    0.000ns
  Clock Uncertainty:      0.025ns  ((TSJ^2 + TIJ^2)^1/2 + DJ) / 2 + PE
    Total System Jitter     (TSJ):    0.050ns
    Total Input Jitter      (TIJ):    0.000ns
    Discrete Jitter          (DJ):    0.000ns
    Phase Error              (PE):    0.000ns

    Location             Delay type                Incr(ns)  Path(ns)    Netlist Resource(s)
  -------------------------------------------------------------------    -------------------
    P16                                               0.000     0.000 r  rst (IN)
                         net (fo=0)                   0.000     0.000    rst
    P16                  IBUF (Prop_ibuf_I_O)         0.970     0.970 r  rst_IBUF_inst/O
                         net (fo=14, routed)          1.098     2.068    rst_IBUF
    SLICE_X112Y50        FDRE                                         r  done_reg_reg/R
  -------------------------------------------------------------------    -------------------

                         (clock sys_clk rise edge)    0.000     0.000 r  
    H16                                               0.000     0.000 r  clk (IN)
                         net (fo=0)                   0.000     0.000    clk
    H16                  IBUF (Prop_ibuf_I_O)         1.380     1.380 r  clk_IBUF_inst/O
                         net (fo=1, routed)           2.293     3.673    clk_IBUF
    BUFGCTRL_X0Y16       BUFG (Prop_bufg_I_O)         0.091     3.764 r  clk_IBUF_BUFG_inst/O
                         net (fo=14, routed)          1.687     5.451    clk_IBUF_BUFG
    SLICE_X112Y50        FDRE                                         r  done_reg_reg/C

Slack:                    inf
  Source:                 rst
                            (input port)
  Destination:            u_ascon/datapath/engine/active_reg/CLR
                            (recovery check against rising-edge clock sys_clk  {rise@0.000ns fall@5.000ns period=10.000ns})
  Path Group:             (none)
  Path Type:              Recovery (Max at Slow Process Corner)
  Data Path Delay:        1.920ns  (logic 0.970ns (50.496%)  route 0.951ns (49.504%))
  Logic Levels:           1  (IBUF=1)
  Clock Path Skew:        5.451ns (DCD - SCD + CPR)
    Destination Clock Delay (DCD):    5.451ns
    Source Clock Delay      (SCD):    0.000ns
    Clock Pessimism Removal (CPR):    0.000ns
  Clock Uncertainty:      0.025ns  ((TSJ^2 + TIJ^2)^1/2 + DJ) / 2 + PE
    Total System Jitter     (TSJ):    0.050ns
    Total Input Jitter      (TIJ):    0.000ns
    Discrete Jitter          (DJ):    0.000ns
    Phase Error              (PE):    0.000ns

    Location             Delay type                Incr(ns)  Path(ns)    Netlist Resource(s)
  -------------------------------------------------------------------    -------------------
    P16                                               0.000     0.000 f  rst (IN)
                         net (fo=0)                   0.000     0.000    rst
    P16                  IBUF (Prop_ibuf_I_O)         0.970     0.970 f  rst_IBUF_inst/O
                         net (fo=14, routed)          0.951     1.920    u_ascon/datapath/engine/AS[0]
    SLICE_X113Y51        FDCE                                         f  u_ascon/datapath/engine/active_reg/CLR
  -------------------------------------------------------------------    -------------------

                         (clock sys_clk rise edge)    0.000     0.000 r  
    H16                                               0.000     0.000 r  clk (IN)
                         net (fo=0)                   0.000     0.000    clk
    H16                  IBUF (Prop_ibuf_I_O)         1.380     1.380 r  clk_IBUF_inst/O
                         net (fo=1, routed)           2.293     3.673    clk_IBUF
    BUFGCTRL_X0Y16       BUFG (Prop_bufg_I_O)         0.091     3.764 r  clk_IBUF_BUFG_inst/O
                         net (fo=14, routed)          1.687     5.451    u_ascon/datapath/engine/clk_IBUF_BUFG
    SLICE_X113Y51        FDCE                                         r  u_ascon/datapath/engine/active_reg/C

Slack:                    inf
  Source:                 rst
                            (input port)
  Destination:            u_ascon/datapath/engine/done_reg/CLR
                            (recovery check against rising-edge clock sys_clk  {rise@0.000ns fall@5.000ns period=10.000ns})
  Path Group:             (none)
  Path Type:              Recovery (Max at Slow Process Corner)
  Data Path Delay:        1.920ns  (logic 0.970ns (50.496%)  route 0.951ns (49.504%))
  Logic Levels:           1  (IBUF=1)
  Clock Path Skew:        5.451ns (DCD - SCD + CPR)
    Destination Clock Delay (DCD):    5.451ns
    Source Clock Delay      (SCD):    0.000ns
    Clock Pessimism Removal (CPR):    0.000ns
  Clock Uncertainty:      0.025ns  ((TSJ^2 + TIJ^2)^1/2 + DJ) / 2 + PE
    Total System Jitter     (TSJ):    0.050ns
    Total Input Jitter      (TIJ):    0.000ns
    Discrete Jitter          (DJ):    0.000ns
    Phase Error              (PE):    0.000ns

    Location             Delay type                Incr(ns)  Path(ns)    Netlist Resource(s)
  -------------------------------------------------------------------    -------------------
    P16                                               0.000     0.000 f  rst (IN)
                         net (fo=0)                   0.000     0.000    rst
    P16                  IBUF (Prop_ibuf_I_O)         0.970     0.970 f  rst_IBUF_inst/O
                         net (fo=14, routed)          0.951     1.920    u_ascon/datapath/engine/AS[0]
    SLICE_X113Y51        FDCE                                         f  u_ascon/datapath/engine/done_reg/CLR
  -------------------------------------------------------------------    -------------------

                         (clock sys_clk rise edge)    0.000     0.000 r  
    H16                                               0.000     0.000 r  clk (IN)
                         net (fo=0)                   0.000     0.000    clk
    H16                  IBUF (Prop_ibuf_I_O)         1.380     1.380 r  clk_IBUF_inst/O
                         net (fo=1, routed)           2.293     3.673    clk_IBUF
    BUFGCTRL_X0Y16       BUFG (Prop_bufg_I_O)         0.091     3.764 r  clk_IBUF_BUFG_inst/O
                         net (fo=14, routed)          1.687     5.451    u_ascon/datapath/engine/clk_IBUF_BUFG
    SLICE_X113Y51        FDCE                                         r  u_ascon/datapath/engine/done_reg/C





Min Delay Paths
--------------------------------------------------------------------------------------
Slack:                    inf
  Source:                 rst
                            (input port)
  Destination:            u_ascon/datapath/engine/active_reg/CLR
                            (removal check against rising-edge clock sys_clk  {rise@0.000ns fall@5.000ns period=10.000ns})
  Path Group:             (none)
  Path Type:              Removal (Min at Fast Process Corner)
  Data Path Delay:        0.596ns  (logic 0.198ns (33.296%)  route 0.398ns (66.704%))
  Logic Levels:           1  (IBUF=1)
  Clock Path Skew:        2.251ns (DCD - SCD - CPR)
    Destination Clock Delay (DCD):    2.251ns
    Source Clock Delay      (SCD):    0.000ns
    Clock Pessimism Removal (CPR):    -0.000ns

    Location             Delay type                Incr(ns)  Path(ns)    Netlist Resource(s)
  -------------------------------------------------------------------    -------------------
    P16                                               0.000     0.000 f  rst (IN)
                         net (fo=0)                   0.000     0.000    rst
    P16                  IBUF (Prop_ibuf_I_O)         0.198     0.198 f  rst_IBUF_inst/O
                         net (fo=14, routed)          0.398     0.596    u_ascon/datapath/engine/AS[0]
    SLICE_X113Y51        FDCE                                         f  u_ascon/datapath/engine/active_reg/CLR
  -------------------------------------------------------------------    -------------------

                         (clock sys_clk rise edge)    0.000     0.000 r  
    H16                                               0.000     0.000 r  clk (IN)
                         net (fo=0)                   0.000     0.000    clk
    H16                  IBUF (Prop_ibuf_I_O)         0.406     0.406 r  clk_IBUF_inst/O
                         net (fo=1, routed)           0.907     1.313    clk_IBUF
    BUFGCTRL_X0Y16       BUFG (Prop_bufg_I_O)         0.029     1.342 r  clk_IBUF_BUFG_inst/O
                         net (fo=14, routed)          0.909     2.251    u_ascon/datapath/engine/clk_IBUF_BUFG
    SLICE_X113Y51        FDCE                                         r  u_ascon/datapath/engine/active_reg/C

Slack:                    inf
  Source:                 rst
                            (input port)
  Destination:            u_ascon/datapath/engine/done_reg/CLR
                            (removal check against rising-edge clock sys_clk  {rise@0.000ns fall@5.000ns period=10.000ns})
  Path Group:             (none)
  Path Type:              Removal (Min at Fast Process Corner)
  Data Path Delay:        0.596ns  (logic 0.198ns (33.296%)  route 0.398ns (66.704%))
  Logic Levels:           1  (IBUF=1)
  Clock Path Skew:        2.251ns (DCD - SCD - CPR)
    Destination Clock Delay (DCD):    2.251ns
    Source Clock Delay      (SCD):    0.000ns
    Clock Pessimism Removal (CPR):    -0.000ns

    Location             Delay type                Incr(ns)  Path(ns)    Netlist Resource(s)
  -------------------------------------------------------------------    -------------------
    P16                                               0.000     0.000 f  rst (IN)
                         net (fo=0)                   0.000     0.000    rst
    P16                  IBUF (Prop_ibuf_I_O)         0.198     0.198 f  rst_IBUF_inst/O
                         net (fo=14, routed)          0.398     0.596    u_ascon/datapath/engine/AS[0]
    SLICE_X113Y51        FDCE                                         f  u_ascon/datapath/engine/done_reg/CLR
  -------------------------------------------------------------------    -------------------

                         (clock sys_clk rise edge)    0.000     0.000 r  
    H16                                               0.000     0.000 r  clk (IN)
                         net (fo=0)                   0.000     0.000    clk
    H16                  IBUF (Prop_ibuf_I_O)         0.406     0.406 r  clk_IBUF_inst/O
                         net (fo=1, routed)           0.907     1.313    clk_IBUF
    BUFGCTRL_X0Y16       BUFG (Prop_bufg_I_O)         0.029     1.342 r  clk_IBUF_BUFG_inst/O
                         net (fo=14, routed)          0.909     2.251    u_ascon/datapath/engine/clk_IBUF_BUFG
    SLICE_X113Y51        FDCE                                         r  u_ascon/datapath/engine/done_reg/C

Slack:                    inf
  Source:                 rst
                            (input port)
  Destination:            u_ascon/datapath/engine/round_reg[0]/CLR
                            (removal check against rising-edge clock sys_clk  {rise@0.000ns fall@5.000ns period=10.000ns})
  Path Group:             (none)
  Path Type:              Removal (Min at Fast Process Corner)
  Data Path Delay:        0.596ns  (logic 0.198ns (33.296%)  route 0.398ns (66.704%))
  Logic Levels:           1  (IBUF=1)
  Clock Path Skew:        2.251ns (DCD - SCD - CPR)
    Destination Clock Delay (DCD):    2.251ns
    Source Clock Delay      (SCD):    0.000ns
    Clock Pessimism Removal (CPR):    -0.000ns

    Location             Delay type                Incr(ns)  Path(ns)    Netlist Resource(s)
  -------------------------------------------------------------------    -------------------
    P16                                               0.000     0.000 f  rst (IN)
                         net (fo=0)                   0.000     0.000    rst
    P16                  IBUF (Prop_ibuf_I_O)         0.198     0.198 f  rst_IBUF_inst/O
                         net (fo=14, routed)          0.398     0.596    u_ascon/datapath/engine/AS[0]
    SLICE_X112Y51        FDCE                                         f  u_ascon/datapath/engine/round_reg[0]/CLR
  -------------------------------------------------------------------    -------------------

                         (clock sys_clk rise edge)    0.000     0.000 r  
    H16                                               0.000     0.000 r  clk (IN)
                         net (fo=0)                   0.000     0.000    clk
    H16                  IBUF (Prop_ibuf_I_O)         0.406     0.406 r  clk_IBUF_inst/O
                         net (fo=1, routed)           0.907     1.313    clk_IBUF
    BUFGCTRL_X0Y16       BUFG (Prop_bufg_I_O)         0.029     1.342 r  clk_IBUF_BUFG_inst/O
                         net (fo=14, routed)          0.909     2.251    u_ascon/datapath/engine/clk_IBUF_BUFG
    SLICE_X112Y51        FDCE                                         r  u_ascon/datapath/engine/round_reg[0]/C

Slack:                    inf
  Source:                 rst
                            (input port)
  Destination:            u_ascon/datapath/engine/round_reg[1]/CLR
                            (removal check against rising-edge clock sys_clk  {rise@0.000ns fall@5.000ns period=10.000ns})
  Path Group:             (none)
  Path Type:              Removal (Min at Fast Process Corner)
  Data Path Delay:        0.596ns  (logic 0.198ns (33.296%)  route 0.398ns (66.704%))
  Logic Levels:           1  (IBUF=1)
  Clock Path Skew:        2.251ns (DCD - SCD - CPR)
    Destination Clock Delay (DCD):    2.251ns
    Source Clock Delay      (SCD):    0.000ns
    Clock Pessimism Removal (CPR):    -0.000ns

    Location             Delay type                Incr(ns)  Path(ns)    Netlist Resource(s)
  -------------------------------------------------------------------    -------------------
    P16                                               0.000     0.000 f  rst (IN)
                         net (fo=0)                   0.000     0.000    rst
    P16                  IBUF (Prop_ibuf_I_O)         0.198     0.198 f  rst_IBUF_inst/O
                         net (fo=14, routed)          0.398     0.596    u_ascon/datapath/engine/AS[0]
    SLICE_X112Y51        FDCE                                         f  u_ascon/datapath/engine/round_reg[1]/CLR
  -------------------------------------------------------------------    -------------------

                         (clock sys_clk rise edge)    0.000     0.000 r  
    H16                                               0.000     0.000 r  clk (IN)
                         net (fo=0)                   0.000     0.000    clk
    H16                  IBUF (Prop_ibuf_I_O)         0.406     0.406 r  clk_IBUF_inst/O
                         net (fo=1, routed)           0.907     1.313    clk_IBUF
    BUFGCTRL_X0Y16       BUFG (Prop_bufg_I_O)         0.029     1.342 r  clk_IBUF_BUFG_inst/O
                         net (fo=14, routed)          0.909     2.251    u_ascon/datapath/engine/clk_IBUF_BUFG
    SLICE_X112Y51        FDCE                                         r  u_ascon/datapath/engine/round_reg[1]/C

Slack:                    inf
  Source:                 rst
                            (input port)
  Destination:            u_ascon/datapath/engine/round_reg[2]/CLR
                            (removal check against rising-edge clock sys_clk  {rise@0.000ns fall@5.000ns period=10.000ns})
  Path Group:             (none)
  Path Type:              Removal (Min at Fast Process Corner)
  Data Path Delay:        0.596ns  (logic 0.198ns (33.296%)  route 0.398ns (66.704%))
  Logic Levels:           1  (IBUF=1)
  Clock Path Skew:        2.251ns (DCD - SCD - CPR)
    Destination Clock Delay (DCD):    2.251ns
    Source Clock Delay      (SCD):    0.000ns
    Clock Pessimism Removal (CPR):    -0.000ns

    Location             Delay type                Incr(ns)  Path(ns)    Netlist Resource(s)
  -------------------------------------------------------------------    -------------------
    P16                                               0.000     0.000 f  rst (IN)
                         net (fo=0)                   0.000     0.000    rst
    P16                  IBUF (Prop_ibuf_I_O)         0.198     0.198 f  rst_IBUF_inst/O
                         net (fo=14, routed)          0.398     0.596    u_ascon/datapath/engine/AS[0]
    SLICE_X112Y51        FDCE                                         f  u_ascon/datapath/engine/round_reg[2]/CLR
  -------------------------------------------------------------------    -------------------

                         (clock sys_clk rise edge)    0.000     0.000 r  
    H16                                               0.000     0.000 r  clk (IN)
                         net (fo=0)                   0.000     0.000    clk
    H16                  IBUF (Prop_ibuf_I_O)         0.406     0.406 r  clk_IBUF_inst/O
                         net (fo=1, routed)           0.907     1.313    clk_IBUF
    BUFGCTRL_X0Y16       BUFG (Prop_bufg_I_O)         0.029     1.342 r  clk_IBUF_BUFG_inst/O
                         net (fo=14, routed)          0.909     2.251    u_ascon/datapath/engine/clk_IBUF_BUFG
    SLICE_X112Y51        FDCE                                         r  u_ascon/datapath/engine/round_reg[2]/C

Slack:                    inf
  Source:                 rst
                            (input port)
  Destination:            u_ascon/datapath/engine/round_reg[3]/CLR
                            (removal check against rising-edge clock sys_clk  {rise@0.000ns fall@5.000ns period=10.000ns})
  Path Group:             (none)
  Path Type:              Removal (Min at Fast Process Corner)
  Data Path Delay:        0.596ns  (logic 0.198ns (33.296%)  route 0.398ns (66.704%))
  Logic Levels:           1  (IBUF=1)
  Clock Path Skew:        2.251ns (DCD - SCD - CPR)
    Destination Clock Delay (DCD):    2.251ns
    Source Clock Delay      (SCD):    0.000ns
    Clock Pessimism Removal (CPR):    -0.000ns

    Location             Delay type                Incr(ns)  Path(ns)    Netlist Resource(s)
  -------------------------------------------------------------------    -------------------
    P16                                               0.000     0.000 f  rst (IN)
                         net (fo=0)                   0.000     0.000    rst
    P16                  IBUF (Prop_ibuf_I_O)         0.198     0.198 f  rst_IBUF_inst/O
                         net (fo=14, routed)          0.398     0.596    u_ascon/datapath/engine/AS[0]
    SLICE_X112Y51        FDCE                                         f  u_ascon/datapath/engine/round_reg[3]/CLR
  -------------------------------------------------------------------    -------------------

                         (clock sys_clk rise edge)    0.000     0.000 r  
    H16                                               0.000     0.000 r  clk (IN)
                         net (fo=0)                   0.000     0.000    clk
    H16                  IBUF (Prop_ibuf_I_O)         0.406     0.406 r  clk_IBUF_inst/O
                         net (fo=1, routed)           0.907     1.313    clk_IBUF
    BUFGCTRL_X0Y16       BUFG (Prop_bufg_I_O)         0.029     1.342 r  clk_IBUF_BUFG_inst/O
                         net (fo=14, routed)          0.909     2.251    u_ascon/datapath/engine/clk_IBUF_BUFG
    SLICE_X112Y51        FDCE                                         r  u_ascon/datapath/engine/round_reg[3]/C

Slack:                    inf
  Source:                 rst
                            (input port)
  Destination:            done_reg_reg/R
                            (rising edge-triggered cell FDRE clocked by sys_clk  {rise@0.000ns fall@5.000ns period=10.000ns})
  Path Group:             (none)
  Path Type:              Hold (Min at Fast Process Corner)
  Data Path Delay:        0.651ns  (logic 0.198ns (30.512%)  route 0.452ns (69.488%))
  Logic Levels:           1  (IBUF=1)
  Clock Path Skew:        2.251ns (DCD - SCD - CPR)
    Destination Clock Delay (DCD):    2.251ns
    Source Clock Delay      (SCD):    0.000ns
    Clock Pessimism Removal (CPR):    -0.000ns

    Location             Delay type                Incr(ns)  Path(ns)    Netlist Resource(s)
  -------------------------------------------------------------------    -------------------
    P16                                               0.000     0.000 r  rst (IN)
                         net (fo=0)                   0.000     0.000    rst
    P16                  IBUF (Prop_ibuf_I_O)         0.198     0.198 r  rst_IBUF_inst/O
                         net (fo=14, routed)          0.452     0.651    rst_IBUF
    SLICE_X112Y50        FDRE                                         r  done_reg_reg/R
  -------------------------------------------------------------------    -------------------

                         (clock sys_clk rise edge)    0.000     0.000 r  
    H16                                               0.000     0.000 r  clk (IN)
                         net (fo=0)                   0.000     0.000    clk
    H16                  IBUF (Prop_ibuf_I_O)         0.406     0.406 r  clk_IBUF_inst/O
                         net (fo=1, routed)           0.907     1.313    clk_IBUF
    BUFGCTRL_X0Y16       BUFG (Prop_bufg_I_O)         0.029     1.342 r  clk_IBUF_BUFG_inst/O
                         net (fo=14, routed)          0.909     2.251    clk_IBUF_BUFG
    SLICE_X112Y50        FDRE                                         r  done_reg_reg/C

Slack:                    inf
  Source:                 rst
                            (input port)
  Destination:            u_ascon/controller/FSM_onehot_state_reg[0]/PRE
                            (removal check against rising-edge clock sys_clk  {rise@0.000ns fall@5.000ns period=10.000ns})
  Path Group:             (none)
  Path Type:              Removal (Min at Fast Process Corner)
  Data Path Delay:        0.711ns  (logic 0.198ns (27.932%)  route 0.512ns (72.068%))
  Logic Levels:           1  (IBUF=1)
  Clock Path Skew:        2.251ns (DCD - SCD - CPR)
    Destination Clock Delay (DCD):    2.251ns
    Source Clock Delay      (SCD):    0.000ns
    Clock Pessimism Removal (CPR):    -0.000ns

    Location             Delay type                Incr(ns)  Path(ns)    Netlist Resource(s)
  -------------------------------------------------------------------    -------------------
    P16                                               0.000     0.000 f  rst (IN)
                         net (fo=0)                   0.000     0.000    rst
    P16                  IBUF (Prop_ibuf_I_O)         0.198     0.198 f  rst_IBUF_inst/O
                         net (fo=14, routed)          0.512     0.711    u_ascon/controller/AS[0]
    SLICE_X112Y52        FDPE                                         f  u_ascon/controller/FSM_onehot_state_reg[0]/PRE
  -------------------------------------------------------------------    -------------------

                         (clock sys_clk rise edge)    0.000     0.000 r  
    H16                                               0.000     0.000 r  clk (IN)
                         net (fo=0)                   0.000     0.000    clk
    H16                  IBUF (Prop_ibuf_I_O)         0.406     0.406 r  clk_IBUF_inst/O
                         net (fo=1, routed)           0.907     1.313    clk_IBUF
    BUFGCTRL_X0Y16       BUFG (Prop_bufg_I_O)         0.029     1.342 r  clk_IBUF_BUFG_inst/O
                         net (fo=14, routed)          0.909     2.251    u_ascon/controller/clk_IBUF_BUFG
    SLICE_X112Y52        FDPE                                         r  u_ascon/controller/FSM_onehot_state_reg[0]/C

Slack:                    inf
  Source:                 rst
                            (input port)
  Destination:            u_ascon/controller/FSM_onehot_state_reg[1]/CLR
                            (removal check against rising-edge clock sys_clk  {rise@0.000ns fall@5.000ns period=10.000ns})
  Path Group:             (none)
  Path Type:              Removal (Min at Fast Process Corner)
  Data Path Delay:        0.711ns  (logic 0.198ns (27.932%)  route 0.512ns (72.068%))
  Logic Levels:           1  (IBUF=1)
  Clock Path Skew:        2.251ns (DCD - SCD - CPR)
    Destination Clock Delay (DCD):    2.251ns
    Source Clock Delay      (SCD):    0.000ns
    Clock Pessimism Removal (CPR):    -0.000ns

    Location             Delay type                Incr(ns)  Path(ns)    Netlist Resource(s)
  -------------------------------------------------------------------    -------------------
    P16                                               0.000     0.000 f  rst (IN)
                         net (fo=0)                   0.000     0.000    rst
    P16                  IBUF (Prop_ibuf_I_O)         0.198     0.198 f  rst_IBUF_inst/O
                         net (fo=14, routed)          0.512     0.711    u_ascon/controller/AS[0]
    SLICE_X112Y52        FDCE                                         f  u_ascon/controller/FSM_onehot_state_reg[1]/CLR
  -------------------------------------------------------------------    -------------------

                         (clock sys_clk rise edge)    0.000     0.000 r  
    H16                                               0.000     0.000 r  clk (IN)
                         net (fo=0)                   0.000     0.000    clk
    H16                  IBUF (Prop_ibuf_I_O)         0.406     0.406 r  clk_IBUF_inst/O
                         net (fo=1, routed)           0.907     1.313    clk_IBUF
    BUFGCTRL_X0Y16       BUFG (Prop_bufg_I_O)         0.029     1.342 r  clk_IBUF_BUFG_inst/O
                         net (fo=14, routed)          0.909     2.251    u_ascon/controller/clk_IBUF_BUFG
    SLICE_X112Y52        FDCE                                         r  u_ascon/controller/FSM_onehot_state_reg[1]/C

Slack:                    inf
  Source:                 rst
                            (input port)
  Destination:            u_ascon/controller/FSM_onehot_state_reg[2]/CLR
                            (removal check against rising-edge clock sys_clk  {rise@0.000ns fall@5.000ns period=10.000ns})
  Path Group:             (none)
  Path Type:              Removal (Min at Fast Process Corner)
  Data Path Delay:        0.711ns  (logic 0.198ns (27.932%)  route 0.512ns (72.068%))
  Logic Levels:           1  (IBUF=1)
  Clock Path Skew:        2.251ns (DCD - SCD - CPR)
    Destination Clock Delay (DCD):    2.251ns
    Source Clock Delay      (SCD):    0.000ns
    Clock Pessimism Removal (CPR):    -0.000ns

    Location             Delay type                Incr(ns)  Path(ns)    Netlist Resource(s)
  -------------------------------------------------------------------    -------------------
    P16                                               0.000     0.000 f  rst (IN)
                         net (fo=0)                   0.000     0.000    rst
    P16                  IBUF (Prop_ibuf_I_O)         0.198     0.198 f  rst_IBUF_inst/O
                         net (fo=14, routed)          0.512     0.711    u_ascon/controller/AS[0]
    SLICE_X112Y52        FDCE                                         f  u_ascon/controller/FSM_onehot_state_reg[2]/CLR
  -------------------------------------------------------------------    -------------------

                         (clock sys_clk rise edge)    0.000     0.000 r  
    H16                                               0.000     0.000 r  clk (IN)
                         net (fo=0)                   0.000     0.000    clk
    H16                  IBUF (Prop_ibuf_I_O)         0.406     0.406 r  clk_IBUF_inst/O
                         net (fo=1, routed)           0.907     1.313    clk_IBUF
    BUFGCTRL_X0Y16       BUFG (Prop_bufg_I_O)         0.029     1.342 r  clk_IBUF_BUFG_inst/O
                         net (fo=14, routed)          0.909     2.251    u_ascon/controller/clk_IBUF_BUFG
    SLICE_X112Y52        FDCE                                         r  u_ascon/controller/FSM_onehot_state_reg[2]/C





